,start,stop,duration,navaid,distance,shift_mean,shift_meanp,name,type,latitude,longitude,flight_id,latitude_0,longitude_0,altitude_0,track_0,groundspeed_0
0,2021-09-09 09:33:53.451835632+00:00,2021-09-09 09:35:52.133178711+00:00,0 days 00:01:58.681343079,ZH578,21.26260154141898,0.17219669979241817,0.19219669979241816,ZH578,FIX,47.50269444,8.45916667,0,48.07901527689709,8.674146370454551,14865.017,201.3746,327.06055
1,2021-09-09 09:40:46.151519775+00:00,2021-09-09 09:41:24.504364014+00:00,0 days 00:00:38.352844239,ZH578,5.740381809009826,0.017409585018549775,0.037409585018549775,ZH578,FIX,47.50269444,8.45916667,0,48.07901527689709,8.674146370454551,14865.017,201.3746,327.06055
2,2021-09-09 09:36:31.103683472+00:00,2021-09-09 09:37:27.440216064+00:00,0 days 00:00:56.336532592,ZH109,4.435269138848615,0.03253745000806054,0.05253745000806054,ZH109,FIX,47.69477778,8.44619444,0,48.07901527689709,8.674146370454551,14865.017,201.3746,327.06055
3,2021-09-09 09:37:47.621551514+00:00,2021-09-09 09:39:07.933685303+00:00,0 days 00:01:20.312133789,ZH065,6.883690478485309,0.04326196582202635,0.06326196582202635,ZH065,FIX,47.61627778,8.27561111,0,48.07901527689709,8.674146370454551,14865.017,201.3746,327.06055
4,2021-09-09 09:41:49.701782227+00:00,2021-09-09 09:44:05.994201660+00:00,0 days 00:02:16.292419433,D337B,0.5318901503334517,0.018738571373563925,0.03873857137356393,D337B,FIX,47.48808611,8.52758611,0,48.07901527689709,8.674146370454551,14865.017,201.3746,327.06055
0,2021-09-09 09:32:54.010614336+00:00,2021-09-09 09:33:50.580039978+00:00,0 days 00:00:56.569425642,RILAX,9.9361072694363,0.08303064665610822,0.10303064665610823,RILAX,FIX,47.94286389,8.51355833,1,48.17192059933183,8.55672058385595,13414.151,187.08923,258.4625
1,2021-09-09 09:35:13.279678345+00:00,2021-09-09 09:36:53.487960815+00:00,0 days 00:01:40.208282470,ZH367,21.799773835776293,0.2346655767415439,0.2546655767415439,ZH367,FIX,47.54338889,8.67922222,1,48.17192059933183,8.55672058385595,13414.151,187.08923,258.4625
2,2021-09-09 09:37:28.143096924+00:00,2021-09-09 09:38:00.558837891+00:00,0 days 00:00:32.415740967,ZH107,14.934171178919478,0.08658078209131351,0.10658078209131351,ZH107,FIX,47.57863889,8.60519444,1,48.17192059933183,8.55672058385595,13414.151,187.08923,258.4625
3,2021-09-09 09:44:00.215026855+00:00,2021-09-09 09:46:51.180480957+00:00,0 days 00:02:50.965454102,ML14,0.16143491531446982,0.01807124631415265,0.03807124631415265,ML14,FIX,47.4969,8.51584167,1,48.17192059933183,8.55672058385595,13414.151,187.08923,258.4625
0,2021-09-09 09:33:53.946949005+00:00,2021-09-09 09:37:01.801498413+00:00,0 days 00:03:07.854549408,IZH,19.84727127730419,0.07790754195067977,0.09790754195067977,IZH,ILS,47.44311111,8.55838889,10,48.09951147725706,8.552540464914296,14542.462,197.86612,317.4859
1,2021-09-09 09:42:56.930541992+00:00,2021-09-09 09:46:08.945129395+00:00,0 days 00:03:12.014587403,IKL,1.9270845114004975,0.018261802877629265,0.038261802877629265,IKL,ILS,47.45986111,8.56641667,10,48.09951147725706,8.552540464914296,14542.462,197.86612,317.4859
0,2021-09-09 09:32:53.999899328+00:00,2021-09-09 09:35:39.186355591+00:00,0 days 00:02:45.186456263,ZH559,26.15176642778055,0.22636242523729525,0.24636242523729524,ZH559,FIX,47.51708333,8.38466667,11,48.11016689485055,8.718801053579517,12656.744,201.40549,297.19272
1,2021-09-09 09:38:04.153198242+00:00,2021-09-09 09:38:57.415588379+00:00,0 days 00:00:53.262390137,TRA,3.557809776083656,0.04039615804430608,0.06039615804430608,TRA,VOR,47.6895,8.43697222,11,48.11016689485055,8.718801053579517,12656.744,201.40549,297.19272
2,2021-09-09 09:39:43.054412842+00:00,2021-09-09 09:40:28.803375244+00:00,0 days 00:00:45.748962402,ZH140,4.979202040838468,0.07063971873464575,0.09063971873464576,ZH140,FIX,47.68758333,8.25358333,11,48.11016689485055,8.718801053579517,12656.744,201.40549,297.19272
3,2021-09-09 09:43:16.965698242+00:00,2021-09-09 09:46:36.655456543+00:00,0 days 00:03:19.689758301,IKL,1.9751275935439758,0.0075351983008761616,0.02753519830087616,IKL,ILS,47.45986111,8.56641667,11,48.11016689485055,8.718801053579517,12656.744,201.40549,297.19272
0,2021-09-09 09:33:00.955281258+00:00,2021-09-09 09:34:35.251251221+00:00,0 days 00:01:34.295969963,ZH110,13.54611454063563,0.04014193640191362,0.06014193640191362,ZH110,FIX,47.75580556,8.36222222,12,48.12647978504509,8.427415450280678,13384.769,185.23857,315.56036
1,2021-09-09 09:34:59.635665894+00:00,2021-09-09 09:36:47.796600342+00:00,0 days 00:01:48.160934448,EDUMI,3.7665240839348746,0.05677005798773621,0.07677005798773621,EDUMI,FIX,47.76138889,8.45861111,12,48.12647978504509,8.427415450280678,13384.769,185.23857,315.56036
2,2021-09-09 09:37:12.687622070+00:00,2021-09-09 09:38:32.599060059+00:00,0 days 00:01:19.911437989,ZH306,11.651292727545298,0.03835317353337727,0.05835317353337727,ZH306,FIX,47.53513889,8.30475,12,48.12647978504509,8.427415450280678,13384.769,185.23857,315.56036
3,2021-09-09 09:39:18.934387207+00:00,2021-09-09 09:43:52.291076660+00:00,0 days 00:04:33.356689453,ML14,0.2566551955339167,0.017957600100818864,0.03795760010081886,ML14,FIX,47.4969,8.51584167,12,48.12647978504509,8.427415450280678,13384.769,185.23857,315.56036
0,2021-09-09 09:33:36.559421539+00:00,2021-09-09 09:36:27.075759888+00:00,0 days 00:02:50.516338349,MOMOL,25.600760298888485,0.3061141166670485,0.32611411666704854,MOMOL,FIX,47.46166667,8.67111111,13,48.155951870518585,8.554074907803695,13660.22,180.95795,285.38843
1,2021-09-09 09:37:05.974105835+00:00,2021-09-09 09:38:08.553985596+00:00,0 days 00:01:02.579879761,ML16,17.322038253996627,0.123840942263542,0.143840942263542,ML16,FIX,47.48763333,8.52771667,13,48.155951870518585,8.554074907803695,13660.22,180.95795,285.38843
2,2021-09-09 09:39:29.902618408+00:00,2021-09-09 09:41:06.969696045+00:00,0 days 00:01:37.067077637,ZH065,6.085594817545882,0.029756173174745215,0.04975617317474522,ZH065,FIX,47.61627778,8.27561111,13,48.155951870518585,8.554074907803695,13660.22,180.95795,285.38843
3,2021-09-09 09:43:31.245971680+00:00,2021-09-09 09:45:21.233764648+00:00,0 days 00:01:49.987792968,D337B,0.6199893838996994,0.010871411654239964,0.030871411654239962,D337B,FIX,47.48808611,8.52758611,13,48.155951870518585,8.554074907803695,13660.22,180.95795,285.38843
0,2021-09-09 09:32:54.005601645+00:00,2021-09-09 09:35:47.977554321+00:00,0 days 00:02:53.971952676,RILAX,1.584412484682859,0.09543080915554683,0.11543080915554683,RILAX,FIX,47.94286389,8.51355833,14,48.186756261992336,8.704510909119582,14531.977,207.26802,324.17664
1,2021-09-09 09:39:57.086730957+00:00,2021-09-09 09:40:59.858703613+00:00,0 days 00:01:02.771972656,CF14,3.343904542142261,0.041262381958132074,0.06126238195813208,CF14,FIX,47.63727222,8.32324167,14,48.186756261992336,8.704510909119582,14531.977,207.26802,324.17664
2,2021-09-09 09:43:38.752380371+00:00,2021-09-09 09:45:30.560241699+00:00,0 days 00:01:51.807861328,ML14,0.1045825746339493,0.011076483157167276,0.031076483157167274,ML14,FIX,47.4969,8.51584167,14,48.186756261992336,8.704510909119582,14531.977,207.26802,324.17664
0,2021-09-09 09:33:56.101932526+00:00,2021-09-09 09:36:19.412384033+00:00,0 days 00:02:23.310451507,38VOR,27.035799694376852,0.15627901590317617,0.17627901590317616,38VOR,FIX,47.40123889,8.58935278,15,48.12362548883494,8.716009383666963,17852.436,209.3775,317.76398
1,2021-09-09 09:37:20.663085938+00:00,2021-09-09 09:37:54.812194824+00:00,0 days 00:00:34.149108886,TRA,6.145171702039608,0.04524612344073979,0.0652461234407398,TRA,VOR,47.6895,8.43697222,15,48.12362548883494,8.716009383666963,17852.436,209.3775,317.76398
2,2021-09-09 09:42:23.861328125+00:00,2021-09-09 09:44:19.344116211+00:00,0 days 00:01:55.482788086,IKL,1.9454493227291558,0.013193061526566848,0.03319306152656685,IKL,ILS,47.45986111,8.56641667,15,48.12362548883494,8.716009383666963,17852.436,209.3775,317.76398
0,2021-09-09 09:33:11.680139542+00:00,2021-09-09 09:34:13.733406067+00:00,0 days 00:01:02.053266525,USETI,2.6827645297941336,0.039768714798874116,0.05976871479887412,USETI,FIX,48.05611111,8.83611111,16,48.178579876449454,8.971380346450433,15256.016,219.63522,316.81696
1,2021-09-09 09:34:27.013092041+00:00,2021-09-09 09:38:26.535766602+00:00,0 days 00:03:59.522674561,ZH004,13.056367463222964,0.17718694753548297,0.19718694753548296,ZH004,FIX,47.60633333,8.60891667,16,48.178579876449454,8.971380346450433,15256.016,219.63522,316.81696
2,2021-09-09 09:39:10.147033691+00:00,2021-09-09 09:41:54.714233398+00:00,0 days 00:02:44.567199707,TRA,0.75881847963691,0.057029429393586926,0.07702942939358692,TRA,VOR,47.6895,8.43697222,16,48.178579876449454,8.971380346450433,15256.016,219.63522,316.81696
3,2021-09-09 09:42:27.030944824+00:00,2021-09-09 09:43:32.228576660+00:00,0 days 00:01:05.197631836,ZH064,6.16154188700973,0.06604232719160029,0.08604232719160029,ZH064,FIX,47.52255556,8.34055556,16,48.178579876449454,8.971380346450433,15256.016,219.63522,316.81696
4,2021-09-09 09:45:05.285400391+00:00,2021-09-09 09:47:13.385070801+00:00,0 days 00:02:08.099670410,D337B,0.3868902057694238,0.011718204755194446,0.03171820475519445,D337B,FIX,47.48808611,8.52758611,16,48.178579876449454,8.971380346450433,15256.016,219.63522,316.81696
0,2021-09-09 09:32:53.998982072+00:00,2021-09-09 09:33:35.993232727+00:00,0 days 00:00:41.994250655,ZH107,32.750122054687694,0.1408674533680021,0.1608674533680021,ZH107,FIX,47.57863889,8.60519444,17,48.17624136498367,8.530418161434017,15933.878,175.17505,286.18524
1,2021-09-09 09:34:13.962577820+00:00,2021-09-09 09:35:42.104949951+00:00,0 days 00:01:28.142372131,SONGI,12.298474588701264,0.1977724600273222,0.2177724600273222,SONGI,FIX,47.77777778,8.73194444,17,48.17624136498367,8.530418161434017,15933.878,175.17505,286.18524
2,2021-09-09 09:42:48.559143066+00:00,2021-09-09 09:46:38.875488281+00:00,0 days 00:03:50.316345215,D337B,0.11934684272093603,0.010024356053749562,0.030024356053749562,D337B,FIX,47.48808611,8.52758611,17,48.17624136498367,8.530418161434017,15933.878,175.17505,286.18524
0,2021-09-09 09:32:54.010810465+00:00,2021-09-09 09:34:28.374160767+00:00,0 days 00:01:34.363350302,TD365,2.8346517459698233,0.04370980452322893,0.06370980452322893,TD365,FIX,47.95361667,8.49365833,18,48.12208508811697,8.490588561796791,16744.492,179.65805,289.71234
1,2021-09-09 09:40:58.698303223+00:00,2021-09-09 09:41:52.934936523+00:00,0 days 00:00:54.236633300,D242F,1.9505136365389248,0.011594418935672438,0.03159441893567244,D242F,FIX,47.64560833,8.30404444,18,48.12208508811697,8.490588561796791,16744.492,179.65805,289.71234
2,2021-09-09 09:42:49.909851074+00:00,2021-09-09 09:46:02.908508301+00:00,0 days 00:03:12.998657227,D337B,0.8528864204686677,0.031063252012408712,0.051063252012408716,D337B,FIX,47.48808611,8.52758611,18,48.12208508811697,8.490588561796791,16744.492,179.65805,289.71234
0,2021-09-09 09:35:34.869262695+00:00,2021-09-09 09:37:47.793334961+00:00,0 days 00:02:12.924072266,ZH752,18.72190774512167,0.21449900338761746,0.23449900338761745,ZH752,FIX,47.4835,8.7125,19,48.18807725880633,8.60921322999219,14494.264,199.72336,342.13098
1,2021-09-09 09:43:40.389892578+00:00,2021-09-09 09:45:49.885803223+00:00,0 days 00:02:09.495910645,D337B,0.5624890389660582,0.011136085054920185,0.031136085054920187,D337B,FIX,47.48808611,8.52758611,19,48.18807725880633,8.60921322999219,14494.264,199.72336,342.13098
0,2021-09-09 09:33:13.070621490+00:00,2021-09-09 09:35:03.603103638+00:00,0 days 00:01:50.532482148,ZH265,8.63251000958584,0.12337549834567528,0.14337549834567528,ZH265,FIX,47.80505556,8.55680556,2,48.1253253359882,8.624039866978503,13343.192,193.1628,308.56323
1,2021-09-09 09:35:49.196029663+00:00,2021-09-09 09:37:05.442550659+00:00,0 days 00:01:16.246520996,ZH006,3.058361682599294,0.056293544423820764,0.07629354442382076,ZH006,FIX,47.76302778,8.50061111,2,48.1253253359882,8.624039866978503,13343.192,193.1628,308.56323
2,2021-09-09 09:37:28.532623291+00:00,2021-09-09 09:38:33.248657227+00:00,0 days 00:01:04.716033936,ZH065,10.125651190712626,0.08081548823252713,0.10081548823252713,ZH065,FIX,47.61627778,8.27561111,2,48.1253253359882,8.624039866978503,13343.192,193.1628,308.56323
3,2021-09-09 09:38:44.361206055+00:00,2021-09-09 09:39:30.109680176+00:00,0 days 00:00:45.748474121,CF14,4.407848761422326,0.0449813186800811,0.0649813186800811,CF14,FIX,47.63727222,8.32324167,2,48.1253253359882,8.624039866978503,13343.192,193.1628,308.56323
4,2021-09-09 09:41:59.272583008+00:00,2021-09-09 09:44:57.898071289+00:00,0 days 00:02:58.625488281,ML14,0.17105892001979897,0.006986949384529526,0.026986949384529526,ML14,FIX,47.4969,8.51584167,2,48.1253253359882,8.624039866978503,13343.192,193.1628,308.56323
0,2021-09-09 09:32:57.738481522+00:00,2021-09-09 09:36:57.586441040+00:00,0 days 00:03:59.847959518,ENONO,14.299216522145619,0.1774879992259481,0.1974879992259481,ENONO,FIX,47.59805556,8.53416667,20,48.15676770807466,8.478296152045917,13087.043,177.3627,313.9025
1,2021-09-09 09:40:12.748901367+00:00,2021-09-09 09:40:53.598876953+00:00,0 days 00:00:40.849975586,ZH714,1.2636315866909822,0.020964886116251625,0.040964886116251625,ZH714,FIX,47.62708333,8.33752778,20,48.15676770807466,8.478296152045917,13087.043,177.3627,313.9025
2,2021-09-09 09:42:02.641174316+00:00,2021-09-09 09:45:05.233154297+00:00,0 days 00:03:02.591979981,ML14,0.033361464236974774,0.0210668372836113,0.041066837283611296,ML14,FIX,47.4969,8.51584167,20,48.15676770807466,8.478296152045917,13087.043,177.3627,313.9025
0,2021-09-09 09:33:52.706947327+00:00,2021-09-09 09:35:42.738555908+00:00,0 days 00:01:50.031608581,MD34,30.249009272056295,0.1959247867626213,0.21592478676262128,MD34,FIX,47.41595,8.57784167,21,48.12701114443399,8.617793511117938,13934.861,202.61833,280.01498
1,2021-09-09 09:37:25.722137451+00:00,2021-09-09 09:40:07.108276367+00:00,0 days 00:02:41.386138916,ZH714,4.351111079417737,0.03834905493646975,0.058349054936469746,ZH714,FIX,47.62708333,8.33752778,21,48.12701114443399,8.617793511117938,13934.861,202.61833,280.01498
2,2021-09-09 09:42:00.880371094+00:00,2021-09-09 09:44:39.384277344+00:00,0 days 00:02:38.503906250,D337B,0.5991456451921653,0.019206410962245377,0.03920641096224538,D337B,FIX,47.48808611,8.52758611,21,48.12701114443399,8.617793511117938,13934.861,202.61833,280.01498
0,2021-09-09 09:32:53.988668501+00:00,2021-09-09 09:35:01.807258606+00:00,0 days 00:02:07.818590105,ZH506,30.074385173940993,0.24000951984419827,0.2600095198441983,ZH506,FIX,47.50722222,8.78083333,22,48.15804956724053,8.688555518646375,12461.609,174.3315,286.34323
1,2021-09-09 09:35:48.555755615+00:00,2021-09-09 09:37:05.216064453+00:00,0 days 00:01:16.660308838,ZH366,14.994379601021032,0.0218773515194907,0.0418773515194907,ZH366,FIX,47.634,8.61688889,22,48.15804956724053,8.688555518646375,12461.609,174.3315,286.34323
2,2021-09-09 09:37:40.466156006+00:00,2021-09-09 09:38:38.164367676+00:00,0 days 00:00:57.698211670,D062C,7.535203663166231,0.05411590147234374,0.07411590147234375,D062C,FIX,47.70774167,8.49242222,22,48.15804956724053,8.688555518646375,12461.609,174.3315,286.34323
3,2021-09-09 09:40:05.895690918+00:00,2021-09-09 09:41:46.698181152+00:00,0 days 00:01:40.802490234,CF14,5.772120611692399,0.03414360145898438,0.05414360145898438,CF14,FIX,47.63727222,8.32324167,22,48.15804956724053,8.688555518646375,12461.609,174.3315,286.34323
4,2021-09-09 09:42:24.093750+00:00,2021-09-09 09:43:29.176757812+00:00,0 days 00:01:05.083007812,MD601,11.922535612221457,0.14205346147485537,0.16205346147485536,MD601,FIX,47.42166667,8.35666667,22,48.15804956724053,8.688555518646375,12461.609,174.3315,286.34323
5,2021-09-09 09:44:38.834838867+00:00,2021-09-09 09:47:10.645324707+00:00,0 days 00:02:31.810485840,D337B,0.37732059949867536,0.016220564344832784,0.036220564344832784,D337B,FIX,47.48808611,8.52758611,22,48.15804956724053,8.688555518646375,12461.609,174.3315,286.34323
0,2021-09-09 09:33:56.020561218+00:00,2021-09-09 09:36:13.347412109+00:00,0 days 00:02:17.326850891,ZH107,18.98103875703852,0.17357500019060476,0.19357500019060475,ZH107,FIX,47.57863889,8.60519444,23,48.161043178235396,8.813555792209108,15041.5205,212.76688,350.15506
1,2021-09-09 09:38:07.352874756+00:00,2021-09-09 09:39:09.976287842+00:00,0 days 00:01:02.623413086,ZH110,5.20289383740355,0.1011685226115918,0.1211685226115918,ZH110,FIX,47.75580556,8.36222222,23,48.161043178235396,8.813555792209108,15041.5205,212.76688,350.15506
2,2021-09-09 09:42:38.548034668+00:00,2021-09-09 09:43:26.290039062+00:00,0 days 00:00:47.742004394,KLO02,11.965379077468002,0.04059585364853677,0.06059585364853677,KLO02,FIX,47.46234167,8.48959722,23,48.161043178235396,8.813555792209108,15041.5205,212.76688,350.15506
3,2021-09-09 09:43:44.238220215+00:00,2021-09-09 09:47:12.007751465+00:00,0 days 00:03:27.769531250,ML16,0.48273835370675977,0.012129091494898134,0.032129091494898135,ML16,FIX,47.48763333,8.52771667,23,48.161043178235396,8.813555792209108,15041.5205,212.76688,350.15506
0,2021-09-09 09:33:36.204135895+00:00,2021-09-09 09:37:15.390991211+00:00,0 days 00:03:39.186855316,D257E,15.07365905628105,0.16205585371565867,0.18205585371565866,D257E,FIX,47.57478611,8.697275,24,48.14999866851816,8.61571049830881,14476.963,190.7676,251.23596
1,2021-09-09 09:41:06.901000977+00:00,2021-09-09 09:41:45.184997559+00:00,0 days 00:00:38.283996582,CF14,3.775010778854992,0.046004214418319075,0.06600421441831908,CF14,FIX,47.63727222,8.32324167,24,48.14999866851816,8.61571049830881,14476.963,190.7676,251.23596
2,2021-09-09 09:44:16.878173828+00:00,2021-09-09 09:46:27.022949219+00:00,0 days 00:02:10.144775391,D337B,0.5832894907116563,0.012464046383371768,0.03246404638337177,D337B,FIX,47.48808611,8.52758611,24,48.14999866851816,8.61571049830881,14476.963,190.7676,251.23596
0,2021-09-09 09:36:31.220443726+00:00,2021-09-09 09:38:08.584442139+00:00,0 days 00:01:37.363998413,CF28,23.766825340154288,0.2250532910199738,0.24505329101997378,CF28,FIX,47.435075,8.86679167,25,48.21475648397502,8.612276354049532,13142.393,179.27956,311.6487
1,2021-09-09 09:45:27.504211426+00:00,2021-09-09 09:47:50.922241211+00:00,0 days 00:02:23.418029785,D337B,0.578608600295476,0.017041018957103322,0.03704101895710332,D337B,FIX,47.48808611,8.52758611,25,48.21475648397502,8.612276354049532,13142.393,179.27956,311.6487
0,2021-09-09 09:33:46.813198090+00:00,2021-09-09 09:35:27.408996582+00:00,0 days 00:01:40.595798492,SONGI,7.731217646380954,0.0853042352703094,0.10530423527030941,SONGI,FIX,47.77777778,8.73194444,26,48.09333875247523,8.615333552740148,14719.033,191.61467,282.08847
1,2021-09-09 09:35:32.394882202+00:00,2021-09-09 09:36:34.942016602+00:00,0 days 00:01:02.547134400,D179G,20.71623631764167,0.23831470884448938,0.25831470884448937,D179G,FIX,47.48224167,8.81483611,26,48.09333875247523,8.615333552740148,14719.033,191.61467,282.08847
2,2021-09-09 09:44:16.163269043+00:00,2021-09-09 09:48:20.107727051+00:00,0 days 00:04:03.944458008,ML14,0.13043329915284585,0.02108282738894487,0.04108282738894487,ML14,FIX,47.4969,8.51584167,26,48.09333875247523,8.615333552740148,14719.033,191.61467,282.08847
0,2021-09-09 09:32:53.997897446+00:00,2021-09-09 09:33:44.204441071+00:00,0 days 00:00:50.206543625,ZH366,21.18222224302602,0.1391865069497915,0.1591865069497915,ZH366,FIX,47.634,8.61688889,27,48.0658065374932,8.56331747120212,14493.64,175.44646,360.7745
1,2021-09-09 09:33:52.562416077+00:00,2021-09-09 09:35:49.574951172+00:00,0 days 00:01:57.012535095,ZH266,4.65643263455785,0.06894431997151103,0.08894431997151103,ZH266,FIX,47.74180556,8.57655556,27,48.0658065374932,8.56331747120212,14493.64,175.44646,360.7745
2,2021-09-09 09:36:14.906951904+00:00,2021-09-09 09:38:07.979644775+00:00,0 days 00:01:53.072692871,17THR,18.155853905573537,0.12789249476570283,0.14789249476570282,17THR,FIX,47.38664722,8.70243611,27,48.0658065374932,8.56331747120212,14493.64,175.44646,360.7745
3,2021-09-09 09:43:38.103576660+00:00,2021-09-09 09:46:45.728454590+00:00,0 days 00:03:07.624877930,IKL,1.709190016950618,0.02591415727895976,0.04591415727895976,IKL,ILS,47.45986111,8.56641667,27,48.0658065374932,8.56331747120212,14493.64,175.44646,360.7745
0,2021-09-09 09:32:54.002106190+00:00,2021-09-09 09:34:36.295928955+00:00,0 days 00:01:42.293822765,D242F,21.66640511834413,0.13381811976354166,0.15381811976354165,D242F,FIX,47.64560833,8.30404444,28,48.06779315148429,8.670749017805868,14181.216,210.77211,292.37268
1,2021-09-09 09:35:44.690429688+00:00,2021-09-09 09:37:14.591400146+00:00,0 days 00:01:29.900970458,ZH110,4.495633070616794,0.09468983397202053,0.11468983397202054,ZH110,FIX,47.75580556,8.36222222,28,48.06779315148429,8.670749017805868,14181.216,210.77211,292.37268
2,2021-09-09 09:37:24.821502686+00:00,2021-09-09 09:40:02.454742432+00:00,0 days 00:02:37.633239746,ZH559,8.344222911723149,0.03621398486281594,0.05621398486281594,ZH559,FIX,47.51708333,8.38466667,28,48.06779315148429,8.670749017805868,14181.216,210.77211,292.37268
3,2021-09-09 09:41:07.869995117+00:00,2021-09-09 09:44:14.479614258+00:00,0 days 00:03:06.609619141,IKL,1.9391118620072618,0.02236554562732642,0.04236554562732642,IKL,ILS,47.45986111,8.56641667,28,48.06779315148429,8.670749017805868,14181.216,210.77211,292.37268
0,2021-09-09 09:33:33.651519775+00:00,2021-09-09 09:35:43.147827148+00:00,0 days 00:02:09.496307373,CF14,16.1864560735906,0.16598643658711013,0.18598643658711012,CF14,FIX,47.63727222,8.32324167,29,48.08051534302641,8.688588188141873,12921.317,216.91263,307.09146
1,2021-09-09 09:35:55.979797363+00:00,2021-09-09 09:37:54.876068115+00:00,0 days 00:01:58.896270752,D242F,7.799900467973367,0.11450826806300499,0.13450826806300498,D242F,FIX,47.64560833,8.30404444,29,48.08051534302641,8.688588188141873,12921.317,216.91263,307.09146
2,2021-09-09 09:38:51.696197510+00:00,2021-09-09 09:39:41.456329346+00:00,0 days 00:00:49.760131836,ZH064,6.954710467218277,0.07518630321898893,0.09518630321898894,ZH064,FIX,47.52255556,8.34055556,29,48.08051534302641,8.688588188141873,12921.317,216.91263,307.09146
3,2021-09-09 09:40:30.445770264+00:00,2021-09-09 09:43:28.479797363+00:00,0 days 00:02:58.034027099,D337B,0.5332726006768284,0.016380165223827438,0.036380165223827435,D337B,FIX,47.48808611,8.52758611,29,48.08051534302641,8.688588188141873,12921.317,216.91263,307.09146
0,2021-09-09 09:43:38.830749512+00:00,2021-09-09 09:48:04.764465332+00:00,0 days 00:04:25.933715820,D337B,0.8123816780168606,0.043255690406981934,0.06325569040698194,D337B,FIX,47.48808611,8.52758611,3,48.090549524937934,8.600235028605981,15609.011,204.27258,269.06766
0,2021-09-09 09:33:37.251934052+00:00,2021-09-09 09:35:34.199188232+00:00,0 days 00:01:56.947254180,ML29,34.48016865091894,0.1315269042662575,0.15152690426625748,ML29,FIX,47.38867222,8.69298889,30,48.16155077674263,8.611932827036469,12742.458,186.85945,287.20392
1,2021-09-09 09:41:42.057312012+00:00,2021-09-09 09:42:47.118041992+00:00,0 days 00:01:05.060729980,ZH168,9.314315780109688,0.07320223164803766,0.09320223164803766,ZH168,FIX,47.5075,8.30013889,30,48.16155077674263,8.611932827036469,12742.458,186.85945,287.20392
2,2021-09-09 09:44:44.332580566+00:00,2021-09-09 09:46:50.449829102+00:00,0 days 00:02:06.117248536,D337B,0.6242689042236849,0.011619961580399962,0.031619961580399966,D337B,FIX,47.48808611,8.52758611,30,48.16155077674263,8.611932827036469,12742.458,186.85945,287.20392
0,2021-09-09 09:32:54.004832923+00:00,2021-09-09 09:33:29.189071655+00:00,0 days 00:00:35.184238732,RILAX,10.130716338166154,0.14526440236955504,0.16526440236955503,RILAX,FIX,47.94286389,8.51355833,31,48.15951686890002,8.535076671411357,14591.726,184.68715,306.85898
1,2021-09-09 09:33:52.630805969+00:00,2021-09-09 09:37:15.688507080+00:00,0 days 00:03:23.057701111,ZH004,12.754538333653201,0.18031447339468812,0.2003144733946881,ZH004,FIX,47.60633333,8.60891667,31,48.15951686890002,8.535076671411357,14591.726,184.68715,306.85898
2,2021-09-09 09:38:26.468200684+00:00,2021-09-09 09:40:19.866516113+00:00,0 days 00:01:53.398315429,D242F,4.057447255853492,0.058467229233187215,0.07846722923318722,D242F,FIX,47.64560833,8.30404444,31,48.15951686890002,8.535076671411357,14591.726,184.68715,306.85898
3,2021-09-09 09:42:09.705322266+00:00,2021-09-09 09:45:19.067382812+00:00,0 days 00:03:09.362060546,ML14,0.19434489493932244,0.016286660981135355,0.03628666098113535,ML14,FIX,47.4969,8.51584167,31,48.15951686890002,8.535076671411357,14591.726,184.68715,306.85898
0,2021-09-09 09:32:54.006403595+00:00,2021-09-09 09:33:26.433879852+00:00,0 days 00:00:32.427476257,TD363,1.4843569245259358,0.021088599782936007,0.04108859978293601,TD363,FIX,48.05536944,8.44602778,32,48.12469369870648,8.43695971922617,14057.168,175.13762,306.36484
1,2021-09-09 09:33:44.489662170+00:00,2021-09-09 09:36:48.294799805+00:00,0 days 00:03:03.805137635,ZH702,6.347261191581002,0.08599878546752289,0.1059987854675229,ZH702,FIX,47.73305556,8.5675,32,48.12469369870648,8.43695971922617,14057.168,175.13762,306.36484
2,2021-09-09 09:37:28.427825928+00:00,2021-09-09 09:40:13.533142090+00:00,0 days 00:02:45.105316162,CF14,1.3436007683280733,0.08454154296667764,0.10454154296667764,CF14,FIX,47.63727222,8.32324167,32,48.12469369870648,8.43695971922617,14057.168,175.13762,306.36484
3,2021-09-09 09:41:27.423034668+00:00,2021-09-09 09:44:22.488342285+00:00,0 days 00:02:55.065307617,ML14,0.16570919257992972,0.01336410791109382,0.03336410791109382,ML14,FIX,47.4969,8.51584167,32,48.12469369870648,8.43695971922617,14057.168,175.13762,306.36484
0,2021-09-09 09:34:09.822250366+00:00,2021-09-09 09:36:28.329971313+00:00,0 days 00:02:18.507720947,ZH702,11.25034420023854,0.12118894687639054,0.14118894687639053,ZH702,FIX,47.73305556,8.5675,33,48.18470437703557,8.646025098160306,15125.686,203.52965,295.0543
1,2021-09-09 09:42:25.499694824+00:00,2021-09-09 09:42:56.336059570+00:00,0 days 00:00:30.836364746,ZH714,2.3394086884081147,0.04568784541067783,0.06568784541067783,ZH714,FIX,47.62708333,8.33752778,33,48.18470437703557,8.646025098160306,15125.686,203.52965,295.0543
2,2021-09-09 09:43:27.025939941+00:00,2021-09-09 09:47:42.350708008+00:00,0 days 00:04:15.324768067,IKL,1.943010910457892,0.024735877900272527,0.04473587790027253,IKL,ILS,47.45986111,8.56641667,33,48.18470437703557,8.646025098160306,15125.686,203.52965,295.0543
0,2021-09-09 09:33:41.131076812+00:00,2021-09-09 09:36:08.954208374+00:00,0 days 00:02:27.823131562,ZH109,4.613905190621829,0.11583212143908785,0.13583212143908785,ZH109,FIX,47.69477778,8.44619444,34,47.999166446240984,8.721706250352225,12874.637,228.3194,343.49802
1,2021-09-09 09:36:25.595443726+00:00,2021-09-09 09:38:23.782714844+00:00,0 days 00:01:58.187271118,ZH169,7.461748113835721,0.02898428804017881,0.048984288040178806,ZH169,FIX,47.55863889,8.22972222,34,47.999166446240984,8.721706250352225,12874.637,228.3194,343.49802
2,2021-09-09 09:39:30.968444824+00:00,2021-09-09 09:41:25.631744385+00:00,0 days 00:01:54.663299561,17THR,14.851080362073418,0.017675247256507473,0.03767524725650748,17THR,FIX,47.38664722,8.70243611,34,47.999166446240984,8.721706250352225,12874.637,228.3194,343.49802
3,2021-09-09 09:41:51.574645996+00:00,2021-09-09 09:44:03.287475586+00:00,0 days 00:02:11.712829590,IKL,1.9486753926940117,0.010695304757731085,0.030695304757731086,IKL,ILS,47.45986111,8.56641667,34,47.999166446240984,8.721706250352225,12874.637,228.3194,343.49802
0,2021-09-09 09:33:37.972332001+00:00,2021-09-09 09:37:26.816802979+00:00,0 days 00:03:48.844470978,ZH365,2.96826411710822,0.10772000058898397,0.12772000058898397,ZH365,FIX,47.72458333,8.55433333,35,48.12658601383049,8.451051186127126,14309.288,181.95406,310.06577
1,2021-09-09 09:41:36.188537598+00:00,2021-09-09 09:42:28.543273926+00:00,0 days 00:00:52.354736328,KLO02,10.727867880540808,0.07558522716832981,0.09558522716832982,KLO02,FIX,47.46234167,8.48959722,35,48.12658601383049,8.451051186127126,14309.288,181.95406,310.06577
2,2021-09-09 09:42:41.773071289+00:00,2021-09-09 09:45:48.773315430+00:00,0 days 00:03:07.000244141,D337B,0.5800479083137264,0.018449374542808088,0.038449374542808085,D337B,FIX,47.48808611,8.52758611,35,48.12658601383049,8.451051186127126,14309.288,181.95406,310.06577
0,2021-09-09 09:33:24.748126984+00:00,2021-09-09 09:37:39.044006348+00:00,0 days 00:04:14.295879364,ZH676,22.326944645386888,0.2400330967569119,0.2600330967569119,ZH676,FIX,47.46111111,8.50444444,36,48.18670263508653,8.605314416420262,13032.6455,182.92245,323.26907
1,2021-09-09 09:42:10.244201660+00:00,2021-09-09 09:42:59.033935547+00:00,0 days 00:00:48.789733887,RISLI,12.604125061303975,0.08506242351241573,0.10506242351241574,RISLI,FIX,47.45305556,8.5075,36,48.18670263508653,8.605314416420262,13032.6455,182.92245,323.26907
2,2021-09-09 09:43:16.285095215+00:00,2021-09-09 09:46:57.130432129+00:00,0 days 00:03:40.845336914,ML14,0.10341838168398387,0.011198421283587582,0.03119842128358758,ML14,FIX,47.4969,8.51584167,36,48.18670263508653,8.605314416420262,13032.6455,182.92245,323.26907
0,2021-09-09 09:34:09.550292969+00:00,2021-09-09 09:34:43.075637817+00:00,0 days 00:00:33.525344848,ZH005,16.25897979299723,0.20988092698730212,0.22988092698730211,ZH005,FIX,47.70116667,8.54344444,37,48.12199938732746,8.49655078077103,13141.235,189.12718,324.80984
1,2021-09-09 09:35:16.627960205+00:00,2021-09-09 09:37:51.968536377+00:00,0 days 00:02:35.340576172,MOMOL,17.368098634810753,0.17053892365843235,0.19053892365843234,MOMOL,FIX,47.46166667,8.67111111,37,48.12199938732746,8.49655078077103,13141.235,189.12718,324.80984
2,2021-09-09 09:38:37.686279297+00:00,2021-09-09 09:39:57.253234862+00:00,0 days 00:01:19.566955565,ZH140,7.086122614675129,0.04438896583731892,0.06438896583731891,ZH140,FIX,47.68758333,8.25358333,37,48.12199938732746,8.49655078077103,13141.235,189.12718,324.80984
3,2021-09-09 09:42:17.615478516+00:00,2021-09-09 09:46:49.933776855+00:00,0 days 00:04:32.318298339,IKL,1.9751275935439758,0.01767791461507153,0.03767791461507153,IKL,ILS,47.45986111,8.56641667,37,48.12199938732746,8.49655078077103,13141.235,189.12718,324.80984
0,2021-09-09 09:33:56.471889496+00:00,2021-09-09 09:37:07.879882812+00:00,0 days 00:03:11.407993316,D257E,17.37758633381054,0.17172330095827967,0.19172330095827966,D257E,FIX,47.57478611,8.697275,38,48.21595272499525,8.701266726350587,14875.255,197.67229,332.90515
1,2021-09-09 09:42:29.254028319+00:00,2021-09-09 09:43:22.060302734+00:00,0 days 00:00:52.806274415,D147A,11.425734211751413,0.0997754691151432,0.11977546911514321,D147A,FIX,47.44295,8.55845,38,48.21595272499525,8.701266726350587,14875.255,197.67229,332.90515
2,2021-09-09 09:43:44.529846190+00:00,2021-09-09 09:46:42.454956055+00:00,0 days 00:02:57.925109865,IKL,1.9331254201585018,0.01722900789221896,0.03722900789221896,IKL,ILS,47.45986111,8.56641667,38,48.21595272499525,8.701266726350587,14875.255,197.67229,332.90515
0,2021-09-09 09:33:40.529029846+00:00,2021-09-09 09:36:13.167831421+00:00,0 days 00:02:32.638801575,OLKEV,3.094869118959393,0.05284927382794318,0.07284927382794318,OLKEV,FIX,47.82375,8.62836111,39,48.1570141802933,8.585298682524343,12460.228,198.96205,344.80832
1,2021-09-09 09:36:33.691390991+00:00,2021-09-09 09:37:33.490447998+00:00,0 days 00:00:59.799057007,IZS,18.571413356116224,0.07665893403734064,0.09665893403734065,IZS,ILS,47.47905556,8.53363889,39,48.1570141802933,8.585298682524343,12460.228,198.96205,344.80832
2,2021-09-09 09:39:06.512542725+00:00,2021-09-09 09:40:42.485473633+00:00,0 days 00:01:35.972930908,ZH066,5.286448641932681,0.03835219950527678,0.058352199505276786,ZH066,FIX,47.67805556,8.23252778,39,48.1570141802933,8.585298682524343,12460.228,198.96205,344.80832
3,2021-09-09 09:43:32.817016602+00:00,2021-09-09 09:46:45.170715332+00:00,0 days 00:03:12.353698730,D337B,0.1261759489432614,0.01788637999414777,0.03788637999414777,D337B,FIX,47.48808611,8.52758611,39,48.1570141802933,8.585298682524343,12460.228,198.96205,344.80832
0,2021-09-09 09:32:54.002628446+00:00,2021-09-09 09:36:42.553710938+00:00,0 days 00:03:48.551082492,ZH005,8.138496776247875,0.1308949167480977,0.15089491674809768,ZH005,FIX,47.70116667,8.54344444,4,48.136110395790666,8.600043442638967,13049.928,184.9685,323.61002
1,2021-09-09 09:37:10.650939941+00:00,2021-09-09 09:38:13.835845947+00:00,0 days 00:01:03.184906006,TRA,4.106531793200547,0.023323191165065597,0.0433231911650656,TRA,VOR,47.6895,8.43697222,4,48.136110395790666,8.600043442638967,13049.928,184.9685,323.61002
2,2021-09-09 09:38:39.606231689+00:00,2021-09-09 09:39:58.103912354+00:00,0 days 00:01:18.497680665,CF14,2.33471386673607,0.043293863208894647,0.06329386320889464,CF14,FIX,47.63727222,8.32324167,4,48.136110395790666,8.600043442638967,13049.928,184.9685,323.61002
3,2021-09-09 09:41:18.565032959+00:00,2021-09-09 09:44:10.191772461+00:00,0 days 00:02:51.626739502,D337B,0.6180401106372788,0.02033107331799963,0.040331073317999636,D337B,FIX,47.48808611,8.52758611,4,48.136110395790666,8.600043442638967,13049.928,184.9685,323.61002
0,2021-09-09 09:33:34.192947388+00:00,2021-09-09 09:38:01.488311768+00:00,0 days 00:04:27.295364380,D360B,19.35846584432668,0.22003763093887443,0.24003763093887442,D360B,FIX,47.48209167,8.54546389,40,48.23464274910564,8.707489327152434,14898.549,207.4659,367.7387
1,2021-09-09 09:38:28.524169922+00:00,2021-09-09 09:41:23.304779053+00:00,0 days 00:02:54.780609131,ZH065,6.0247184631679245,0.13925792285368266,0.15925792285368265,ZH065,FIX,47.61627778,8.27561111,40,48.23464274910564,8.707489327152434,14898.549,207.4659,367.7387
2,2021-09-09 09:44:56.059814453+00:00,2021-09-09 09:47:11.111389160+00:00,0 days 00:02:15.051574707,ML14,0.18986150527820086,0.01931912279872649,0.039319122798726486,ML14,FIX,47.4969,8.51584167,40,48.23464274910564,8.707489327152434,14898.549,207.4659,367.7387
0,2021-09-09 09:33:51.492095947+00:00,2021-09-09 09:34:32.540733337+00:00,0 days 00:00:41.048637390,ZH266,14.531822242318924,0.14335801075735466,0.16335801075735465,ZH266,FIX,47.74180556,8.57655556,41,48.110646519280294,8.71219688713245,14891.59,214.95183,319.95844
1,2021-09-09 09:35:01.089393616+00:00,2021-09-09 09:36:48.061950684+00:00,0 days 00:01:46.972557068,ZH752,19.210772940311585,0.06286254535023401,0.08286254535023402,ZH752,FIX,47.4835,8.7125,41,48.110646519280294,8.71219688713245,14891.59,214.95183,319.95844
2,2021-09-09 09:39:14.811401367+00:00,2021-09-09 09:40:37.826293945+00:00,0 days 00:01:23.014892578,ZH066,6.02983950548587,0.0638949928838522,0.0838949928838522,ZH066,FIX,47.67805556,8.23252778,41,48.110646519280294,8.71219688713245,14891.59,214.95183,319.95844
3,2021-09-09 09:42:08.093688965+00:00,2021-09-09 09:42:40.829772949+00:00,0 days 00:00:32.736083984,ZH578,7.460160332568899,0.03997816117194583,0.059978161171945835,ZH578,FIX,47.50269444,8.45916667,41,48.110646519280294,8.71219688713245,14891.59,214.95183,319.95844
4,2021-09-09 09:43:10.378417969+00:00,2021-09-09 09:46:01.781127930+00:00,0 days 00:02:51.402709961,ML14,0.05143927402866341,0.013198367875651228,0.033198367875651225,ML14,FIX,47.4969,8.51584167,41,48.110646519280294,8.71219688713245,14891.59,214.95183,319.95844
0,2021-09-09 09:34:57.934761047+00:00,2021-09-09 09:37:01.887145996+00:00,0 days 00:02:03.952384949,ZH503,20.819536991712877,0.19619804188421597,0.21619804188421596,ZH503,FIX,47.575,8.70972222,42,48.21149933049295,8.577015816464204,13279.95,186.66296,325.97336
1,2021-09-09 09:39:01.562591553+00:00,2021-09-09 09:41:58.001037598+00:00,0 days 00:02:56.438446045,ZH140,5.470090411793909,0.06349524044916478,0.08349524044916479,ZH140,FIX,47.68758333,8.25358333,42,48.21149933049295,8.577015816464204,13279.95,186.66296,325.97336
2,2021-09-09 09:42:33.128723145+00:00,2021-09-09 09:43:18.371154785+00:00,0 days 00:00:45.242431640,ZH064,7.162587989901337,0.09354103182945654,0.11354103182945655,ZH064,FIX,47.52255556,8.34055556,42,48.21149933049295,8.577015816464204,13279.95,186.66296,325.97336
3,2021-09-09 09:44:42.604919434+00:00,2021-09-09 09:47:08.206787109+00:00,0 days 00:02:25.601867675,D337B,0.691460234360137,0.017842582696838926,0.037842582696838926,D337B,FIX,47.48808611,8.52758611,42,48.21149933049295,8.577015816464204,13279.95,186.66296,325.97336
0,2021-09-09 09:33:39.705337524+00:00,2021-09-09 09:36:27.757583618+00:00,0 days 00:02:48.052246094,ZH264,0.16329816750592996,0.06785435943694265,0.08785435943694266,ZH264,FIX,47.86444444,8.53822222,43,48.13807761659103,8.544413933792034,14612.644,191.17496,281.82632
1,2021-09-09 09:37:25.162597656+00:00,2021-09-09 09:38:26.285125732+00:00,0 days 00:01:01.122528076,D242F,8.621042939801141,0.08231976764811241,0.10231976764811242,D242F,FIX,47.64560833,8.30404444,43,48.13807761659103,8.544413933792034,14612.644,191.17496,281.82632
2,2021-09-09 09:38:44.274169922+00:00,2021-09-09 09:39:50.433563232+00:00,0 days 00:01:06.159393310,D242J,6.506012130573453,0.08973753815039565,0.10973753815039565,D242J,FIX,47.61773333,8.21997222,43,48.13807761659103,8.544413933792034,14612.644,191.17496,281.82632
3,2021-09-09 09:40:48.696502686+00:00,2021-09-09 09:41:40.377441406+00:00,0 days 00:00:51.680938720,KLO02,10.877636751047058,0.05367090464140432,0.07367090464140431,KLO02,FIX,47.46234167,8.48959722,43,48.13807761659103,8.544413933792034,14612.644,191.17496,281.82632
4,2021-09-09 09:41:52.164733887+00:00,2021-09-09 09:45:08.356018066+00:00,0 days 00:03:16.191284179,D337B,0.7619210235813623,0.03070828477983598,0.05070828477983598,D337B,FIX,47.48808611,8.52758611,43,48.13807761659103,8.544413933792034,14612.644,191.17496,281.82632
0,2021-09-09 09:33:05.703395844+00:00,2021-09-09 09:33:36.810993195+00:00,0 days 00:00:31.107597351,TITIX,12.276416144236903,0.09671123396088675,0.11671123396088676,TITIX,FIX,47.85833333,8.39666667,44,48.12202835328617,8.384805128965361,14513.344,175.10677,313.26776
1,2021-09-09 09:33:56.297698975+00:00,2021-09-09 09:37:28.475585938+00:00,0 days 00:03:32.177886963,EDUMI,2.132278724198299,0.07695829326595653,0.09695829326595654,EDUMI,FIX,47.76138889,8.45861111,44,48.12202835328617,8.384805128965361,14513.344,175.10677,313.26776
2,2021-09-09 09:38:25.698669434+00:00,2021-09-09 09:39:32.256042480+00:00,0 days 00:01:06.557373046,ZH140,4.21844201539893,0.04371924654073585,0.06371924654073585,ZH140,FIX,47.68758333,8.25358333,44,48.12202835328617,8.384805128965361,14513.344,175.10677,313.26776
3,2021-09-09 09:42:11.999816895+00:00,2021-09-09 09:45:16.725524902+00:00,0 days 00:03:04.725708007,ML14,0.32589089788983955,0.020291680078013522,0.04029168007801352,ML14,FIX,47.4969,8.51584167,44,48.12202835328617,8.384805128965361,14513.344,175.10677,313.26776
0,2021-09-09 09:32:53.994535863+00:00,2021-09-09 09:33:26.821929932+00:00,0 days 00:00:32.827394069,FD16,27.45330006028875,0.3328458138149882,0.3528458138149882,FD16,FIX,47.59817222,8.45705556,45,48.06353230722786,8.755922795503166,14849.806,203.10107,337.7466
1,2021-09-09 09:33:40.096679688+00:00,2021-09-09 09:38:59.283081055+00:00,0 days 00:05:19.186401367,ZH714,3.5851210643513705,0.14358796260291942,0.1635879626029194,ZH714,FIX,47.62708333,8.33752778,45,48.06353230722786,8.755922795503166,14849.806,203.10107,337.7466
2,2021-09-09 09:39:28.341583252+00:00,2021-09-09 09:40:04.908508301+00:00,0 days 00:00:36.566925049,OSNEM,2.6455388576519843,0.03396261036527466,0.053962610365274666,OSNEM,FIX,47.57969444,8.40241667,45,48.06353230722786,8.755922795503166,14849.806,203.10107,337.7466
3,2021-09-09 09:40:21.567321777+00:00,2021-09-09 09:41:01.267852782+00:00,0 days 00:00:39.700531005,RISLI,8.14092611642382,0.0513413603394818,0.0713413603394818,RISLI,FIX,47.45305556,8.5075,45,48.06353230722786,8.755922795503166,14849.806,203.10107,337.7466
4,2021-09-09 09:41:42.626831055+00:00,2021-09-09 09:43:25.131774902+00:00,0 days 00:01:42.504943847,D337B,0.5231688543295872,0.011828031909001117,0.03182803190900112,D337B,FIX,47.48808611,8.52758611,45,48.06353230722786,8.755922795503166,14849.806,203.10107,337.7466
0,2021-09-09 09:32:57.830897093+00:00,2021-09-09 09:33:59.184318542+00:00,0 days 00:01:01.353421449,TD003,8.995790336736945,0.11351311530202277,0.13351311530202276,TD003,FIX,47.78533889,8.52953889,46,48.0067615309009,8.654057875942923,14158.848,202.06541,288.0454
1,2021-09-09 09:36:16.998855591+00:00,2021-09-09 09:38:31.224670410+00:00,0 days 00:02:14.225814819,ZH140,1.9006984093237345,0.04690431949460939,0.06690431949460938,ZH140,FIX,47.68758333,8.25358333,46,48.0067615309009,8.654057875942923,14158.848,202.06541,288.0454
2,2021-09-09 09:40:46.375244141+00:00,2021-09-09 09:42:29.746398926+00:00,0 days 00:01:43.371154785,D333F,4.237705716517574,0.07790177695274204,0.09790177695274205,D333F,FIX,47.53529722,8.49484444,46,48.0067615309009,8.654057875942923,14158.848,202.06541,288.0454
3,2021-09-09 09:43:15.045410156+00:00,2021-09-09 09:45:14.009948730+00:00,0 days 00:01:58.964538574,D337B,0.41911611280594624,0.008883120768342372,0.028883120768342374,D337B,FIX,47.48808611,8.52758611,46,48.0067615309009,8.654057875942923,14158.848,202.06541,288.0454
0,2021-09-09 09:33:06.718837738+00:00,2021-09-09 09:37:37.274719238+00:00,0 days 00:04:30.555881500,ZH365,6.452850938833835,0.09591838904330038,0.11591838904330039,ZH365,FIX,47.72458333,8.55433333,47,48.134309331903495,8.666615731775869,15072.651,194.54791,283.45068
1,2021-09-09 09:39:02.324951172+00:00,2021-09-09 09:40:43.040191650+00:00,0 days 00:01:40.715240478,CF16,2.0616223430945047,0.021908947946231685,0.041908947946231685,CF16,FIX,47.67619167,8.39718611,47,48.134309331903495,8.666615731775869,15072.651,194.54791,283.45068
2,2021-09-09 09:40:48.623443604+00:00,2021-09-09 09:41:48.150756836+00:00,0 days 00:00:59.527313232,ZH065,5.177644385327461,0.02732367637741317,0.047323676377413165,ZH065,FIX,47.61627778,8.27561111,47,48.134309331903495,8.666615731775869,15072.651,194.54791,283.45068
3,2021-09-09 09:43:08.828369141+00:00,2021-09-09 09:46:21.680480957+00:00,0 days 00:03:12.852111816,ML14,0.17686179412471656,0.011724879732043008,0.03172487973204301,ML14,FIX,47.4969,8.51584167,47,48.134309331903495,8.666615731775869,15072.651,194.54791,283.45068
0,2021-09-09 09:33:06.139591217+00:00,2021-09-09 09:34:14.674995422+00:00,0 days 00:01:08.535404205,RILAX,5.38666574392987,0.10265502484656382,0.12265502484656382,RILAX,FIX,47.94286389,8.51355833,48,48.111190021079004,8.65125102914453,14484.452,207.28935,293.03607
1,2021-09-09 09:35:35.649551392+00:00,2021-09-09 09:37:53.167633057+00:00,0 days 00:02:17.518081665,D214E,16.33605732401215,0.20239942466351668,0.22239942466351667,D214E,FIX,47.52476111,8.74538889,48,48.111190021079004,8.65125102914453,14484.452,207.28935,293.03607
2,2021-09-09 09:43:58.140258789+00:00,2021-09-09 09:45:54.793823242+00:00,0 days 00:01:56.653564453,D337B,0.4584517639147679,0.010042525385181704,0.030042525385181706,D337B,FIX,47.48808611,8.52758611,48,48.111190021079004,8.65125102914453,14484.452,207.28935,293.03607
0,2021-09-09 09:32:57.530248403+00:00,2021-09-09 09:33:33.458835602+00:00,0 days 00:00:35.928587199,TD004,5.891127715898878,0.039292683097650716,0.05929268309765072,TD004,FIX,48.05262778,8.50765556,49,48.20231761384399,8.596254588321408,15175.848,200.61963,351.48703
1,2021-09-09 09:34:12.804298401+00:00,2021-09-09 09:36:33.405395508+00:00,0 days 00:02:20.601097107,ZH006,6.766152804427764,0.10656630057603766,0.12656630057603765,ZH006,FIX,47.76302778,8.50061111,49,48.20231761384399,8.596254588321408,15175.848,200.61963,351.48703
2,2021-09-09 09:37:05.807601929+00:00,2021-09-09 09:39:18.239990234+00:00,0 days 00:02:12.432388305,D242F,5.811936076708619,0.09266305342398598,0.11266305342398598,D242F,FIX,47.64560833,8.30404444,49,48.20231761384399,8.596254588321408,15175.848,200.61963,351.48703
3,2021-09-09 09:39:43.372589111+00:00,2021-09-09 09:40:41.277160645+00:00,0 days 00:00:57.904571534,MD601,13.313948020739453,0.11331032962756252,0.1333103296275625,MD601,FIX,47.42166667,8.35666667,49,48.20231761384399,8.596254588321408,15175.848,200.61963,351.48703
4,2021-09-09 09:42:02.588928223+00:00,2021-09-09 09:44:26.267639160+00:00,0 days 00:02:23.678710937,D337B,0.48209457500324343,0.01588732660708173,0.03588732660708173,D337B,FIX,47.48808611,8.52758611,49,48.20231761384399,8.596254588321408,15175.848,200.61963,351.48703
0,2021-09-09 09:32:54.004039644+00:00,2021-09-09 09:33:35.793704987+00:00,0 days 00:00:41.789665343,TD002,16.36796595570772,0.18460581885847124,0.20460581885847123,TD002,FIX,47.78355556,8.43089167,5,48.11322866996492,8.490370395523838,13687.518,186.1876,322.36868
1,2021-09-09 09:34:02.424385071+00:00,2021-09-09 09:37:35.167968750+00:00,0 days 00:03:32.743583679,ENONO,10.856266695042716,0.1818950335169011,0.20189503351690108,ENONO,FIX,47.59805556,8.53416667,5,48.11322866996492,8.490370395523838,13687.518,186.1876,322.36868
2,2021-09-09 09:42:36.217773438+00:00,2021-09-09 09:45:31.605529785+00:00,0 days 00:02:55.387756347,IKL,1.957071957134251,0.017519065973221705,0.0375190659732217,IKL,ILS,47.45986111,8.56641667,5,48.11322866996492,8.490370395523838,13687.518,186.1876,322.36868
0,2021-09-09 09:35:07.269912720+00:00,2021-09-09 09:36:44.450271606+00:00,0 days 00:01:37.180358886,D062C,2.480370976440827,0.02351193440885389,0.04351193440885389,D062C,FIX,47.70774167,8.49242222,50,48.04595726456407,8.712337640291231,14200.502,227.11224,347.41678
1,2021-09-09 09:36:53.288833618+00:00,2021-09-09 09:38:42.385711670+00:00,0 days 00:01:49.096878052,ZH306,7.4774768407001675,0.12931761109345488,0.14931761109345487,ZH306,FIX,47.53513889,8.30475,50,48.04595726456407,8.712337640291231,14200.502,227.11224,347.41678
2,2021-09-09 09:41:00.470184326+00:00,2021-09-09 09:42:55.421691895+00:00,0 days 00:01:54.951507569,IKL,1.9291013131553756,0.010533676707716233,0.030533676707716235,IKL,ILS,47.45986111,8.56641667,50,48.04595726456407,8.712337640291231,14200.502,227.11224,347.41678
0,2021-09-09 09:32:54.010777265+00:00,2021-09-09 09:33:24.583900452+00:00,0 days 00:00:30.573123187,ZH140,26.032192096134846,0.2742114013219826,0.2942114013219826,ZH140,FIX,47.68758333,8.25358333,51,48.09928107463051,8.593795330630353,13179.593,210.14954,268.8732
1,2021-09-09 09:33:47.218986511+00:00,2021-09-09 09:34:29.288848877+00:00,0 days 00:00:42.069862366,TD182,6.1599354233452726,0.07364374025721328,0.09364374025721328,TD182,FIX,47.89573056,8.46729167,51,48.09928107463051,8.593795330630353,13179.593,210.14954,268.8732
2,2021-09-09 09:34:49.007194519+00:00,2021-09-09 09:36:27.326309204+00:00,0 days 00:01:38.319114685,D190M,22.147310718629484,0.08411442645624469,0.10411442645624469,D190M,FIX,47.48553889,8.37503611,51,48.09928107463051,8.593795330630353,13179.593,210.14954,268.8732
3,2021-09-09 09:37:16.708587646+00:00,2021-09-09 09:40:32.588073730+00:00,0 days 00:03:15.879486084,ZH714,0.4547800067442104,0.06214454722927562,0.08214454722927562,ZH714,FIX,47.62708333,8.33752778,51,48.09928107463051,8.593795330630353,13179.593,210.14954,268.8732
4,2021-09-09 09:41:32.332946777+00:00,2021-09-09 09:45:32.016906738+00:00,0 days 00:03:59.683959961,IKL,1.9621962542918006,0.02945749132621079,0.04945749132621079,IKL,ILS,47.45986111,8.56641667,51,48.09928107463051,8.593795330630353,13179.593,210.14954,268.8732
0,2021-09-09 09:33:13.052885056+00:00,2021-09-09 09:37:27.750091553+00:00,0 days 00:04:14.697206497,ZH265,0.15853850578776388,0.08405426401383104,0.10405426401383104,ZH265,FIX,47.80505556,8.55680556,52,48.13877169636476,8.746864169330312,13702.584,210.0817,323.82532
1,2021-09-09 09:40:54.591735840+00:00,2021-09-09 09:41:36.288574219+00:00,0 days 00:00:41.696838379,ZH064,6.087224040309961,0.05677400243745173,0.07677400243745174,ZH064,FIX,47.52255556,8.34055556,52,48.13877169636476,8.746864169330312,13702.584,210.0817,323.82532
2,2021-09-09 09:42:59.642395020+00:00,2021-09-09 09:45:29.734802246+00:00,0 days 00:02:30.092407226,IKL,1.9450276931591215,0.015107963865393806,0.035107963865393804,IKL,ILS,47.45986111,8.56641667,52,48.13877169636476,8.746864169330312,13702.584,210.0817,323.82532
0,2021-09-09 09:32:54.012765318+00:00,2021-09-09 09:33:25.293912888+00:00,0 days 00:00:31.281147570,TD004,0.7316349093920973,0.015750245708826112,0.03575024570882611,TD004,FIX,48.05262778,8.50765556,53,48.10370307890872,8.539302520422476,13746.35,202.59996,301.87662
1,2021-09-09 09:33:52.954135895+00:00,2021-09-09 09:36:53.614273071+00:00,0 days 00:03:00.660137176,EDUMI,1.7520794788210992,0.09984671165082425,0.11984671165082425,EDUMI,FIX,47.76138889,8.45861111,53,48.10370307890872,8.539302520422476,13746.35,202.59996,301.87662
2,2021-09-09 09:37:46.039245605+00:00,2021-09-09 09:39:27.829162598+00:00,0 days 00:01:41.789916993,ZH169,7.512704296391421,0.09334446599680614,0.11334446599680614,ZH169,FIX,47.55863889,8.22972222,53,48.10370307890872,8.539302520422476,13746.35,202.59996,301.87662
3,2021-09-09 09:40:31.899963379+00:00,2021-09-09 09:44:04.782287598+00:00,0 days 00:03:32.882324219,D337B,0.46964215405689697,0.015332862051677875,0.03533286205167788,D337B,FIX,47.48808611,8.52758611,53,48.10370307890872,8.539302520422476,13746.35,202.59996,301.87662
0,2021-09-09 09:33:28.074657440+00:00,2021-09-09 09:37:41.527069091+00:00,0 days 00:04:13.452411651,ZH064,13.007862780434671,0.24477468791830437,0.2647746879183044,ZH064,FIX,47.52255556,8.34055556,54,48.087518803238446,8.547067720498028,12105.275,186.72662,309.4161
1,2021-09-09 09:38:08.128570557+00:00,2021-09-09 09:38:46.096527100+00:00,0 days 00:00:37.967956543,ZH066,4.602405283995422,0.08705160891498745,0.10705160891498745,ZH066,FIX,47.67805556,8.23252778,54,48.087518803238446,8.547067720498028,12105.275,186.72662,309.4161
2,2021-09-09 09:41:02.450988770+00:00,2021-09-09 09:42:33.042358398+00:00,0 days 00:01:30.591369628,D335D,4.396021011282694,0.05038055252538404,0.07038055252538404,D335D,FIX,47.51766111,8.50495278,54,48.087518803238446,8.547067720498028,12105.275,186.72662,309.4161
3,2021-09-09 09:43:03.702880859+00:00,2021-09-09 09:45:02.593017578+00:00,0 days 00:01:58.890136719,D337B,0.5963167872645241,0.01557604169411894,0.03557604169411894,D337B,FIX,47.48808611,8.52758611,54,48.087518803238446,8.547067720498028,12105.275,186.72662,309.4161
0,2021-09-09 09:33:33.823577881+00:00,2021-09-09 09:35:46.464080811+00:00,0 days 00:02:12.640502930,TD184,0.8196080236123505,0.08353723227227518,0.10353723227227518,TD184,FIX,47.88722778,8.36786111,55,48.11369274981946,8.411538894690331,12251.544,178.22119,272.2043
1,2021-09-09 09:38:19.722930908+00:00,2021-09-09 09:39:35.348175049+00:00,0 days 00:01:15.625244141,ZH559,8.170174506822768,0.08009291971036817,0.10009291971036817,ZH559,FIX,47.51708333,8.38466667,55,48.11369274981946,8.411538894690331,12251.544,178.22119,272.2043
2,2021-09-09 09:39:59.011444092+00:00,2021-09-09 09:40:41.647125244+00:00,0 days 00:00:42.635681152,ZH573,4.000472304443718,0.06904957404943987,0.08904957404943988,ZH573,FIX,47.53416667,8.43666667,55,48.11369274981946,8.411538894690331,12251.544,178.22119,272.2043
3,2021-09-09 09:40:55.353881836+00:00,2021-09-09 09:43:55.091979980+00:00,0 days 00:02:59.738098144,D135E,5.422373980061711,0.038528538847380445,0.05852853884738045,D135E,FIX,47.41739444,8.624275,55,48.11369274981946,8.411538894690331,12251.544,178.22119,272.2043
0,2021-09-09 09:33:25.129341125+00:00,2021-09-09 09:37:29.926483154+00:00,0 days 00:04:04.797142029,ZH005,6.575268471827471,0.15306283612031354,0.17306283612031353,ZH005,FIX,47.70116667,8.54344444,56,48.13339137431588,8.729182460401509,12987.737,205.81595,348.09467
1,2021-09-09 09:43:24.421813965+00:00,2021-09-09 09:45:19.662536621+00:00,0 days 00:01:55.240722656,ML14,0.059482556866228435,0.0061642764112113035,0.026164276411211305,ML14,FIX,47.4969,8.51584167,56,48.13339137431588,8.729182460401509,12987.737,205.81595,348.09467
0,2021-09-09 09:34:17.618453979+00:00,2021-09-09 09:36:09.942245483+00:00,0 days 00:01:52.323791504,OLKEV,5.849898473874261,0.08568751725452874,0.10568751725452874,OLKEV,FIX,47.82375,8.62836111,57,48.15694156971077,8.499306789816567,12397.484,178.98848,277.0863
1,2021-09-09 09:37:50.666748047+00:00,2021-09-09 09:39:01.571960449+00:00,0 days 00:01:10.905212402,OSNEM,11.86399735932207,0.11247142026362016,0.13247142026362016,OSNEM,FIX,47.57969444,8.40241667,57,48.15694156971077,8.499306789816567,12397.484,178.98848,277.0863
2,2021-09-09 09:39:21.989288330+00:00,2021-09-09 09:41:02.603363037+00:00,0 days 00:01:40.614074707,CF16,1.2149657253991877,0.01181111860204994,0.03181111860204994,CF16,FIX,47.67619167,8.39718611,57,48.15694156971077,8.499306789816567,12397.484,178.98848,277.0863
3,2021-09-09 09:41:10.939605713+00:00,2021-09-09 09:42:14.259765625+00:00,0 days 00:01:03.320159912,ZH168,8.374084106735031,0.0407344076610986,0.0607344076610986,ZH168,FIX,47.5075,8.30013889,57,48.15694156971077,8.499306789816567,12397.484,178.98848,277.0863
4,2021-09-09 09:44:10.280700684+00:00,2021-09-09 09:46:45.970275879+00:00,0 days 00:02:35.689575195,IKL,1.965162500531943,0.011921338432253016,0.03192133843225302,IKL,ILS,47.45986111,8.56641667,57,48.15694156971077,8.499306789816567,12397.484,178.98848,277.0863
0,2021-09-09 09:33:18.684333801+00:00,2021-09-09 09:37:25.878112793+00:00,0 days 00:04:07.193778992,EKRIT,9.713273874121867,0.20559708387566064,0.22559708387566063,EKRIT,FIX,47.67825,8.59636111,58,48.164900586515635,8.508302566903867,14705.301,177.20093,287.61108
1,2021-09-09 09:43:06.796325684+00:00,2021-09-09 09:43:37.037231445+00:00,0 days 00:00:30.240905761,KLO,9.492150168987022,0.10623108612018753,0.12623108612018752,KLO,VOR,47.45713889,8.54558333,58,48.164900586515635,8.508302566903867,14705.301,177.20093,287.61108
2,2021-09-09 09:44:01.321472168+00:00,2021-09-09 09:46:04.984008789+00:00,0 days 00:02:03.662536621,ML14,0.07359643858490235,0.009556345029667002,0.029556345029667003,ML14,FIX,47.4969,8.51584167,58,48.164900586515635,8.508302566903867,14705.301,177.20093,287.61108
0,2021-09-09 09:33:23.710391998+00:00,2021-09-09 09:35:33.598648071+00:00,0 days 00:02:09.888256073,ZH006,4.948026315948276,0.10605079912554419,0.12605079912554418,ZH006,FIX,47.76302778,8.50061111,59,48.06178370583159,8.564073536348753,14283.813,198.96138,320.30533
1,2021-09-09 09:40:56.802490234+00:00,2021-09-09 09:45:12.344116211+00:00,0 days 00:04:15.541625977,IKL,1.9331254201585018,0.0223663298798116,0.0423663298798116,IKL,ILS,47.45986111,8.56641667,59,48.06178370583159,8.564073536348753,14283.813,198.96138,320.30533
0,2021-09-09 09:33:23.471899033+00:00,2021-09-09 09:37:19.206268311+00:00,0 days 00:03:55.734369278,38VOR,24.848837039278425,0.3240382340546028,0.3440382340546028,38VOR,FIX,47.40123889,8.58935278,6,48.149270937626284,8.764917491759347,13238.438,202.47351,302.87027
1,2021-09-09 09:43:37.683898926+00:00,2021-09-09 09:46:23.862976074+00:00,0 days 00:02:46.179077148,D337B,0.6348903991150876,0.01719337296208495,0.03719337296208495,D337B,FIX,47.48808611,8.52758611,6,48.149270937626284,8.764917491759347,13238.438,202.47351,302.87027
0,2021-09-09 09:32:53.997118235+00:00,2021-09-09 09:33:34.389499664+00:00,0 days 00:00:40.392381429,ZH266,24.154639119440844,0.19318051621693774,0.21318051621693773,ZH266,FIX,47.74180556,8.57655556,60,48.20486422541012,8.650595851808403,14429.259,185.4602,345.2506
1,2021-09-09 09:34:03.646598816+00:00,2021-09-09 09:37:17.891601562+00:00,0 days 00:03:14.245002746,ZH109,9.947460022621259,0.13011401797424127,0.15011401797424126,ZH109,FIX,47.69477778,8.44619444,60,48.20486422541012,8.650595851808403,14429.259,185.4602,345.2506
2,2021-09-09 09:37:54.434448242+00:00,2021-09-09 09:39:56.000457764+00:00,0 days 00:02:01.566009522,D242F,3.752100203578332,0.11872077925264603,0.13872077925264603,D242F,FIX,47.64560833,8.30404444,60,48.20486422541012,8.650595851808403,14429.259,185.4602,345.2506
3,2021-09-09 09:41:30.764099121+00:00,2021-09-09 09:45:02.474548340+00:00,0 days 00:03:31.710449219,D135E,5.39746112829169,0.02183898326738101,0.04183898326738101,D135E,FIX,47.41739444,8.624275,60,48.20486422541012,8.650595851808403,14429.259,185.4602,345.2506
0,2021-09-09 09:32:54.005345166+00:00,2021-09-09 09:33:47.848110199+00:00,0 days 00:00:53.842765033,EKRIT,17.562723041083153,0.04577630328377707,0.06577630328377707,EKRIT,FIX,47.67825,8.59636111,61,48.05821670581358,8.634806906083776,16038.342,183.96065,361.88782
1,2021-09-09 09:34:41.681015015+00:00,2021-09-09 09:36:56.766891479+00:00,0 days 00:02:15.085876464,TRA,3.2798268883776847,0.08568063632592157,0.10568063632592158,TRA,VOR,47.6895,8.43697222,61,48.05821670581358,8.634806906083776,16038.342,183.96065,361.88782
2,2021-09-09 09:37:20.031951904+00:00,2021-09-09 09:38:17.429107666+00:00,0 days 00:00:57.397155762,ZH065,5.872412758946011,0.055742780137399646,0.07574278013739964,ZH065,FIX,47.61627778,8.27561111,61,48.05821670581358,8.634806906083776,16038.342,183.96065,361.88782
3,2021-09-09 09:40:15.149871826+00:00,2021-09-09 09:44:03.043273926+00:00,0 days 00:03:47.893402100,IKL,1.9291013131553756,0.010152824183336002,0.030152824183336,IKL,ILS,47.45986111,8.56641667,61,48.05821670581358,8.634806906083776,16038.342,183.96065,361.88782
0,2021-09-09 09:33:05.784814835+00:00,2021-09-09 09:36:05.542282104+00:00,0 days 00:02:59.757467269,ZH265,5.177366419327437,0.07447943940792735,0.09447943940792736,ZH265,FIX,47.80505556,8.55680556,62,48.11794151387319,8.656331146519424,14573.332,195.20787,306.6488
1,2021-09-09 09:36:47.907424927+00:00,2021-09-09 09:40:03.068298340+00:00,0 days 00:03:15.160873413,ZH713,7.330232164951643,0.20873160881344377,0.22873160881344376,ZH713,FIX,47.59530556,8.23369444,62,48.11794151387319,8.656331146519424,14573.332,195.20787,306.6488
2,2021-09-09 09:40:42.633270264+00:00,2021-09-09 09:45:20.411315918+00:00,0 days 00:04:37.778045654,ML14,0.12304928565652598,0.0242989427178497,0.044298942717849704,ML14,FIX,47.4969,8.51584167,62,48.11794151387319,8.656331146519424,14573.332,195.20787,306.6488
0,2021-09-09 09:32:53.996673584+00:00,2021-09-09 09:33:46.614803314+00:00,0 days 00:00:52.618129730,TD181,12.661057149654626,0.10117595311993577,0.12117595311993577,TD181,FIX,47.88589444,8.52562778,63,48.15600473053534,8.640543426324351,12589.622,196.10371,300.29785
1,2021-09-09 09:43:45.250244140+00:00,2021-09-09 09:45:54.467224121+00:00,0 days 00:02:09.216979981,D337B,0.517127519568813,0.014423226424798421,0.03442322642479842,D337B,FIX,47.48808611,8.52758611,63,48.15600473053534,8.640543426324351,12589.622,196.10371,300.29785
0,2021-09-09 09:32:53.995163202+00:00,2021-09-09 09:38:04.865020752+00:00,0 days 00:05:10.869857550,ZH006,4.3540062833766315,0.15677784504871053,0.17677784504871052,ZH006,FIX,47.76302778,8.50061111,64,48.25301929452906,8.658923165571057,16520.383,193.18845,367.23276
1,2021-09-09 09:38:28.726470947+00:00,2021-09-09 09:39:59.079803467+00:00,0 days 00:01:30.353332520,CF14,7.050384037063535,0.0882471608019615,0.1082471608019615,CF14,FIX,47.63727222,8.32324167,64,48.25301929452906,8.658923165571057,16520.383,193.18845,367.23276
2,2021-09-09 09:43:33.220703125+00:00,2021-09-09 09:45:57.907348633+00:00,0 days 00:02:24.686645508,IKL,1.9493377874996265,0.012582197435198006,0.03258219743519801,IKL,ILS,47.45986111,8.56641667,64,48.25301929452906,8.658923165571057,16520.383,193.18845,367.23276
0,2021-09-09 09:33:20.099048615+00:00,2021-09-09 09:37:30.684173584+00:00,0 days 00:04:10.585124969,ZH365,6.071457643316436,0.0414284947629917,0.0614284947629917,ZH365,FIX,47.72458333,8.55433333,65,48.17153248277362,8.6283858571666,13698.337,196.23433,287.84085
1,2021-09-09 09:37:48.921752930+00:00,2021-09-09 09:38:23.098815918+00:00,0 days 00:00:34.177062988,D062C,4.548453416938603,0.04575221345343723,0.06575221345343724,D062C,FIX,47.70774167,8.49242222,65,48.17153248277362,8.6283858571666,13698.337,196.23433,287.84085
2,2021-09-09 09:38:48.565277100+00:00,2021-09-09 09:39:33.741943359+00:00,0 days 00:00:45.176666259,CF14,7.76449577470867,0.09414358267018128,0.11414358267018128,CF14,FIX,47.63727222,8.32324167,65,48.17153248277362,8.6283858571666,13698.337,196.23433,287.84085
3,2021-09-09 09:40:48.022674561+00:00,2021-09-09 09:41:22.451812744+00:00,0 days 00:00:34.429138183,ZH064,6.647924693090288,0.05217668612974652,0.07217668612974652,ZH064,FIX,47.52255556,8.34055556,65,48.17153248277362,8.6283858571666,13698.337,196.23433,287.84085
4,2021-09-09 09:42:58.268188476+00:00,2021-09-09 09:44:45.098205566+00:00,0 days 00:01:46.830017090,KILO,2.5682177176844996,0.0414140656431953,0.061414065643195306,KILO,FIX,47.45983333,8.56844444,65,48.17153248277362,8.6283858571666,13698.337,196.23433,287.84085
0,2021-09-09 09:35:41.009552002+00:00,2021-09-09 09:37:39.149230957+00:00,0 days 00:01:58.139678955,ZH107,12.468527088956979,0.1397472023580493,0.1597472023580493,ZH107,FIX,47.57863889,8.60519444,66,48.13190839435062,8.813110486181303,15648.258,220.82556,354.02277
1,2021-09-09 09:43:50.760070801+00:00,2021-09-09 09:46:23.675354004+00:00,0 days 00:02:32.915283203,IKL,1.9390432234515635,0.011264882032209354,0.031264882032209354,IKL,ILS,47.45986111,8.56641667,66,48.13190839435062,8.813110486181303,15648.258,220.82556,354.02277
0,2021-09-09 09:33:23.493190765+00:00,2021-09-09 09:38:04.966827393+00:00,0 days 00:04:41.473636628,ZH108,8.940999345727246,0.19027589746418774,0.21027589746418773,ZH108,FIX,47.63369444,8.52997222,67,48.13140516628293,8.653064181906544,13308.528,194.24756,293.25995
1,2021-09-09 09:39:04.716735840+00:00,2021-09-09 09:39:38.508453369+00:00,0 days 00:00:33.791717529,ZH140,8.920018300253608,0.041582442164795445,0.06158244216479544,ZH140,FIX,47.68758333,8.25358333,67,48.13140516628293,8.653064181906544,13308.528,194.24756,293.25995
2,2021-09-09 09:42:59.460815430+00:00,2021-09-09 09:46:26.255554198+00:00,0 days 00:03:26.794738768,D337B,0.5295542043952497,0.014255600204901327,0.03425560020490133,D337B,FIX,47.48808611,8.52758611,67,48.13140516628293,8.653064181906544,13308.528,194.24756,293.25995
0,2021-09-09 09:34:12.280296326+00:00,2021-09-09 09:36:05.138488770+00:00,0 days 00:01:52.858192444,FI28,28.01682265364392,0.22081051464303258,0.24081051464303257,FI28,FIX,47.45104444,8.64749444,68,48.177499631154056,8.610957386204301,12574.672,200.96454,332.6572
1,2021-09-09 09:41:16.807373047+00:00,2021-09-09 09:41:55.925231934+00:00,0 days 00:00:39.117858887,ZH552,12.563841156601844,0.09304646407502107,0.11304646407502107,ZH552,FIX,47.42888889,8.39166667,68,48.177499631154056,8.610957386204301,12574.672,200.96454,332.6572
2,2021-09-09 09:42:26.836914062+00:00,2021-09-09 09:45:26.826843262+00:00,0 days 00:02:59.989929200,D337B,0.6127590723526912,0.026302975717657932,0.04630297571765793,D337B,FIX,47.48808611,8.52758611,68,48.177499631154056,8.610957386204301,12574.672,200.96454,332.6572
0,2021-09-09 09:33:39.660903931+00:00,2021-09-09 09:37:31.751770020+00:00,0 days 00:03:52.090866089,38LOC,23.66797008760492,0.23563759170350457,0.2556375917035046,38LOC,FIX,47.39406667,8.59208056,69,48.1420158758363,8.63818389261682,14216.675,191.81732,315.46136
1,2021-09-09 09:43:20.855773926+00:00,2021-09-09 09:45:03.554382324+00:00,0 days 00:01:42.698608398,D337B,0.4946127019480017,0.007956141330868376,0.027956141330868378,D337B,FIX,47.48808611,8.52758611,69,48.1420158758363,8.63818389261682,14216.675,191.81732,315.46136
0,2021-09-09 09:33:08.169425011+00:00,2021-09-09 09:37:33.100555420+00:00,0 days 00:04:24.931130409,ZH266,9.31577798206965,0.16002845771312443,0.18002845771312442,ZH266,FIX,47.74180556,8.57655556,7,48.22598918210853,8.476434701184584,15157.596,176.15182,281.1124
1,2021-09-09 09:38:48.680236816+00:00,2021-09-09 09:40:00.461669922+00:00,0 days 00:01:11.781433106,ZH110,3.6388926978939815,0.022718134144224116,0.04271813414422412,ZH110,FIX,47.75580556,8.36222222,7,48.22598918210853,8.476434701184584,15157.596,176.15182,281.1124
2,2021-09-09 09:44:48.643798828+00:00,2021-09-09 09:45:21.939086914+00:00,0 days 00:00:33.295288086,KLO,9.024890895825829,0.08689531066341463,0.10689531066341464,KLO,VOR,47.45713889,8.54558333,7,48.22598918210853,8.476434701184584,15157.596,176.15182,281.1124
3,2021-09-09 09:45:39.954833984+00:00,2021-09-09 09:48:01.879272461+00:00,0 days 00:02:21.924438477,ML14,0.12611045913517213,0.01050201601322341,0.03050201601322341,ML14,FIX,47.4969,8.51584167,7,48.22598918210853,8.476434701184584,15157.596,176.15182,281.1124
0,2021-09-09 09:32:54.004650235+00:00,2021-09-09 09:33:28.117717743+00:00,0 days 00:00:34.113067508,TD004,3.1235948820002584,0.03177951962790427,0.051779519627904266,TD004,FIX,48.05262778,8.50765556,70,48.146140491217245,8.572090785125852,14058.726,204.75873,330.40576
1,2021-09-09 09:34:36.310806274+00:00,2021-09-09 09:36:26.445465088+00:00,0 days 00:01:50.134658814,D333F,19.35227343005784,0.028549986755633923,0.04854998675563392,D333F,FIX,47.53529722,8.49484444,70,48.146140491217245,8.572090785125852,14058.726,204.75873,330.40576
2,2021-09-09 09:36:56.771789551+00:00,2021-09-09 09:37:50.252441405+00:00,0 days 00:00:53.480651854,EDUMI,0.7412986271186949,0.035335892301857165,0.05533589230185716,EDUMI,FIX,47.76138889,8.45861111,70,48.146140491217245,8.572090785125852,14058.726,204.75873,330.40576
3,2021-09-09 09:37:53.480346680+00:00,2021-09-09 09:39:57.880889893+00:00,0 days 00:02:04.400543213,ZH065,4.067311858947604,0.11490555705858045,0.13490555705858046,ZH065,FIX,47.61627778,8.27561111,70,48.146140491217245,8.572090785125852,14058.726,204.75873,330.40576
4,2021-09-09 09:41:36.250366211+00:00,2021-09-09 09:45:02.043151855+00:00,0 days 00:03:25.792785644,D337B,0.6634768286806949,0.018410719945504417,0.03841071994550442,D337B,FIX,47.48808611,8.52758611,70,48.146140491217245,8.572090785125852,14058.726,204.75873,330.40576
0,2021-09-09 09:33:34.949657440+00:00,2021-09-09 09:36:11.250595093+00:00,0 days 00:02:36.300937653,ZH366,13.942329851712644,0.12767140753296177,0.14767140753296176,ZH366,FIX,47.634,8.61688889,71,48.15448036024266,8.569992568084627,14880.556,185.40251,361.57663
1,2021-09-09 09:37:07.165557861+00:00,2021-09-09 09:38:07.069183350+00:00,0 days 00:00:59.903625489,D242F,10.305388194304134,0.13267468822999556,0.15267468822999555,D242F,FIX,47.64560833,8.30404444,71,48.15448036024266,8.569992568084627,14880.556,185.40251,361.57663
2,2021-09-09 09:38:17.936614990+00:00,2021-09-09 09:39:39.699584961+00:00,0 days 00:01:21.762969971,CF14,4.307591760449139,0.05270610803430599,0.072706108034306,CF14,FIX,47.63727222,8.32324167,71,48.15448036024266,8.569992568084627,14880.556,185.40251,361.57663
3,2021-09-09 09:41:17.096679688+00:00,2021-09-09 09:41:57.991821289+00:00,0 days 00:00:40.895141601,ZH573,3.5481052862876408,0.06205638215541883,0.08205638215541883,ZH573,FIX,47.53416667,8.43666667,71,48.15448036024266,8.569992568084627,14880.556,185.40251,361.57663
4,2021-09-09 09:42:38.895263672+00:00,2021-09-09 09:44:45.871154785+00:00,0 days 00:02:06.975891113,ML14,0.08630715200891437,0.009272870438273255,0.029272870438273257,ML14,FIX,47.4969,8.51584167,71,48.15448036024266,8.569992568084627,14880.556,185.40251,361.57663
0,2021-09-09 09:44:30.147338867+00:00,2021-09-09 09:46:49.253234862+00:00,0 days 00:02:19.105895995,D337B,0.2637282744315117,0.01623279553766921,0.03623279553766921,D337B,FIX,47.48808611,8.52758611,72,48.15569438699046,8.49870146412989,14216.17,184.13852,338.31793
0,2021-09-09 09:33:55.682510376+00:00,2021-09-09 09:35:51.914154053+00:00,0 days 00:01:56.231643677,OLKEV,3.9736063386186116,0.10420728684835077,0.12420728684835078,OLKEV,FIX,47.82375,8.62836111,73,48.12586053308505,8.49544213957171,15714.173,190.64717,310.18362
1,2021-09-09 09:36:21.037963867+00:00,2021-09-09 09:36:53.707550049+00:00,0 days 00:00:32.669586182,ZH702,4.974179142716609,0.05346176761590734,0.07346176761590734,ZH702,FIX,47.73305556,8.5675,73,48.12586053308505,8.49544213957171,15714.173,190.64717,310.18362
2,2021-09-09 09:39:45.033721924+00:00,2021-09-09 09:40:30.095306396+00:00,0 days 00:00:45.061584472,ZH168,9.96665295195179,0.09615179448400042,0.11615179448400043,ZH168,FIX,47.5075,8.30013889,73,48.12586053308505,8.49544213957171,15714.173,190.64717,310.18362
3,2021-09-09 09:42:00.852478027+00:00,2021-09-09 09:44:26.804748535+00:00,0 days 00:02:25.952270508,ML14,0.15097716151927634,0.017700655672277243,0.03770065567227725,ML14,FIX,47.4969,8.51584167,73,48.12586053308505,8.49544213957171,15714.173,190.64717,310.18362
0,2021-09-09 09:42:00.302246094+00:00,2021-09-09 09:42:56.070434570+00:00,0 days 00:00:55.768188476,ZH559,6.609441129847654,0.03918745226749176,0.059187452267491766,ZH559,FIX,47.51708333,8.38466667,74,48.17493981043137,8.520154546924928,14384.169,181.49847,306.51157
1,2021-09-09 09:44:14.382812500+00:00,2021-09-09 09:46:19.124267578+00:00,0 days 00:02:04.741455078,D337B,0.7030361878817311,0.011915177676017087,0.031915177676017085,D337B,FIX,47.48808611,8.52758611,74,48.17493981043137,8.520154546924928,14384.169,181.49847,306.51157
0,2021-09-09 09:35:32.545379639+00:00,2021-09-09 09:37:29.274139404+00:00,0 days 00:01:56.728759765,SONGI,4.037312391918538,0.030086521870625712,0.05008652187062571,SONGI,FIX,47.77777778,8.73194444,75,48.15691854397971,8.754733848663655,14732.553,221.3462,297.5416
1,2021-09-09 09:39:58.365814209+00:00,2021-09-09 09:40:54.627105713+00:00,0 days 00:00:56.261291504,TD002,0.8579477632955744,0.013443477004222293,0.033443477004222295,TD002,FIX,47.78355556,8.43089167,75,48.15691854397971,8.754733848663655,14732.553,221.3462,297.5416
2,2021-09-09 09:44:19.590454102+00:00,2021-09-09 09:45:15.699768066+00:00,0 days 00:00:56.109313964,OSNEM,0.6276469412000694,0.03687271095734785,0.05687271095734785,OSNEM,FIX,47.57969444,8.40241667,75,48.15691854397971,8.754733848663655,14732.553,221.3462,297.5416
3,2021-09-09 09:45:35.365905762+00:00,2021-09-09 09:48:22.324890137+00:00,0 days 00:02:46.958984375,IKL,1.9370928153002747,0.01788173899865122,0.037881738998651215,IKL,ILS,47.45986111,8.56641667,75,48.15691854397971,8.754733848663655,14732.553,221.3462,297.5416
0,2021-09-09 09:33:06.516286849+00:00,2021-09-09 09:34:47.162261963+00:00,0 days 00:01:40.645975114,D257E,25.804371042025338,0.26180354344543627,0.2818035434454363,D257E,FIX,47.57478611,8.697275,76,48.131447937549886,8.704985467129044,14864.261,184.69365,251.64937
1,2021-09-09 09:35:03.952529907+00:00,2021-09-09 09:37:42.607421875+00:00,0 days 00:02:38.654891968,ZH506,17.92552335221482,0.1950092142542715,0.2150092142542715,ZH506,FIX,47.50722222,8.78083333,76,48.131447937549886,8.704985467129044,14864.261,184.69365,251.64937
2,2021-09-09 09:43:38.616271973+00:00,2021-09-09 09:46:21.815551758+00:00,0 days 00:02:43.199279785,D337B,0.6273183015144858,0.024635571703817687,0.044635571703817684,D337B,FIX,47.48808611,8.52758611,76,48.131447937549886,8.704985467129044,14864.261,184.69365,251.64937
0,2021-09-09 09:32:58.185601234+00:00,2021-09-09 09:37:38.497589111+00:00,0 days 00:04:40.311987877,40LOC,15.652361389795342,0.2389958773656068,0.2589958773656068,40LOC,FIX,47.52866389,8.47238611,77,48.14394818210856,8.65793447018993,13713.639,193.3427,321.6802
1,2021-09-09 09:42:15.905029297+00:00,2021-09-09 09:45:14.914978027+00:00,0 days 00:02:59.009948730,40LOC,0.03442393078522211,0.010453680386361857,0.030453680386361856,40LOC,FIX,47.52866389,8.47238611,77,48.14394818210856,8.65793447018993,13713.639,193.3427,321.6802
2,2021-09-09 09:39:11.343902588+00:00,2021-09-09 09:40:47.787780762+00:00,0 days 00:01:36.443878174,ZH140,2.6723584021416125,0.05853333438442275,0.07853333438442275,ZH140,FIX,47.68758333,8.25358333,77,48.14394818210856,8.65793447018993,13713.639,193.3427,321.6802
0,2021-09-09 09:33:13.691261292+00:00,2021-09-09 09:39:01.990570068+00:00,0 days 00:05:48.299308776,ZH714,4.761484910367855,0.15168957040510242,0.1716895704051024,ZH714,FIX,47.62708333,8.33752778,78,48.10840898512826,8.586200836417131,12959.986,201.28238,354.36972
1,2021-09-09 09:41:01.112915039+00:00,2021-09-09 09:43:26.007202148+00:00,0 days 00:02:24.894287109,D337B,0.5978104586523542,0.01561145334633275,0.03561145334633275,D337B,FIX,47.48808611,8.52758611,78,48.10840898512826,8.586200836417131,12959.986,201.28238,354.36972
0,2021-09-09 09:33:31.240020752+00:00,2021-09-09 09:38:29.344177246+00:00,0 days 00:04:58.104156494,ZH204,19.341456192308904,0.24543697364188577,0.2654369736418858,ZH204,FIX,47.44911111,8.27491667,79,48.1727569825311,8.55826147305104,12774.082,200.7638,314.96768
1,2021-09-09 09:41:06.072906494+00:00,2021-09-09 09:44:46.901611328+00:00,0 days 00:03:40.828704834,D337B,0.6493205583835351,0.022239794718120716,0.04223979471812071,D337B,FIX,47.48808611,8.52758611,79,48.1727569825311,8.55826147305104,12774.082,200.7638,314.96768
0,2021-09-09 09:33:46.546009064+00:00,2021-09-09 09:34:50.238021851+00:00,0 days 00:01:03.692012787,ML28,33.67852450585636,0.15332743773410298,0.17332743773410297,ML28,FIX,47.45303889,8.62020278,8,48.15585524597912,8.494189738369183,14475.21,168.78136,280.02203
1,2021-09-09 09:36:02.119720459+00:00,2021-09-09 09:36:46.704803467+00:00,0 days 00:00:44.585083008,CF16,12.062892305094588,0.10993403508935064,0.12993403508935064,CF16,FIX,47.67619167,8.39718611,8,48.15585524597912,8.494189738369183,14475.21,168.78136,280.02203
2,2021-09-09 09:37:43.440246582+00:00,2021-09-09 09:39:42.959320068+00:00,0 days 00:01:59.519073486,ZH140,1.905284319473291,0.03661387058571567,0.05661387058571567,ZH140,FIX,47.68758333,8.25358333,8,48.15585524597912,8.494189738369183,14475.21,168.78136,280.02203
3,2021-09-09 09:41:20.168914795+00:00,2021-09-09 09:44:51.835876465+00:00,0 days 00:03:31.666961670,ML14,0.08161022715717257,0.003575773507461716,0.023575773507461716,ML14,FIX,47.4969,8.51584167,8,48.15585524597912,8.494189738369183,14475.21,168.78136,280.02203
0,2021-09-09 09:33:04.741714478+00:00,2021-09-09 09:33:36.801658630+00:00,0 days 00:00:32.059944152,TD184,8.864517802130262,0.03921230713271022,0.059212307132710224,TD184,FIX,47.88722778,8.36786111,80,48.03402006544574,8.591174943057226,14733.419,220.54662,329.53772
1,2021-09-09 09:34:30.451179504+00:00,2021-09-09 09:36:21.182662964+00:00,0 days 00:01:50.731483460,ZH306,17.477906616428974,0.0197885419895288,0.0397885419895288,ZH306,FIX,47.53513889,8.30475,80,48.03402006544574,8.591174943057226,14733.419,220.54662,329.53772
2,2021-09-09 09:36:56.959915161+00:00,2021-09-09 09:38:37.019897461+00:00,0 days 00:01:40.059982300,D234J,7.289943463645131,0.08154193099980728,0.10154193099980728,D234J,FIX,47.59616944,8.23281111,80,48.03402006544574,8.591174943057226,14733.419,220.54662,329.53772
3,2021-09-09 09:39:51.840209961+00:00,2021-09-09 09:40:39.125915527+00:00,0 days 00:00:47.285705566,KLO02,9.716250211864606,0.07134327305090062,0.09134327305090062,KLO02,FIX,47.46234167,8.48959722,80,48.03402006544574,8.591174943057226,14733.419,220.54662,329.53772
4,2021-09-09 09:40:49.141052246+00:00,2021-09-09 09:44:13.378234863+00:00,0 days 00:03:24.237182617,ML14,0.10024744639764123,0.009295767017521975,0.029295767017521977,ML14,FIX,47.4969,8.51584167,80,48.03402006544574,8.591174943057226,14733.419,220.54662,329.53772
0,2021-09-09 09:33:12.823724747+00:00,2021-09-09 09:36:59.142196655+00:00,0 days 00:03:46.318471908,ZH365,17.025121832485176,0.18265496455365907,0.20265496455365906,ZH365,FIX,47.72458333,8.55433333,81,48.28711410962142,8.800749685302943,15072.221,201.55615,296.85507
1,2021-09-09 09:39:06.016357422+00:00,2021-09-09 09:41:08.978912354+00:00,0 days 00:02:02.962554932,ZH140,10.07275571003781,0.05680170801144898,0.07680170801144898,ZH140,FIX,47.68758333,8.25358333,81,48.28711410962142,8.800749685302943,15072.221,201.55615,296.85507
2,2021-09-09 09:45:47.402648926+00:00,2021-09-09 09:48:30.805358887+00:00,0 days 00:02:43.402709961,IKL,1.9790950013861053,0.016251784928904223,0.03625178492890423,IKL,ILS,47.45986111,8.56641667,81,48.28711410962142,8.800749685302943,15072.221,201.55615,296.85507
0,2021-09-09 09:34:03.163337708+00:00,2021-09-09 09:35:48.904968262+00:00,0 days 00:01:45.741630554,ZH004,17.323256434976166,0.10698571786647496,0.12698571786647495,ZH004,FIX,47.60633333,8.60891667,82,48.14330407612089,8.528926596741464,13490.131,180.61487,367.30594
1,2021-09-09 09:37:34.598999023+00:00,2021-09-09 09:39:48.775695801+00:00,0 days 00:02:14.176696778,D242F,3.372058244923589,0.03540283957347545,0.05540283957347546,D242F,FIX,47.64560833,8.30404444,82,48.14330407612089,8.528926596741464,13490.131,180.61487,367.30594
2,2021-09-09 09:40:13.900848389+00:00,2021-09-09 09:41:17.025115967+00:00,0 days 00:01:03.124267578,OSNEM,2.0727456707860026,0.06398174957525762,0.08398174957525763,OSNEM,FIX,47.57969444,8.40241667,82,48.14330407612089,8.528926596741464,13490.131,180.61487,367.30594
3,2021-09-09 09:41:27.760437012+00:00,2021-09-09 09:42:14.473022461+00:00,0 days 00:00:46.712585449,KLO,8.281929350648264,0.0715021942417481,0.0915021942417481,KLO,VOR,47.45713889,8.54558333,82,48.14330407612089,8.528926596741464,13490.131,180.61487,367.30594
4,2021-09-09 09:42:36.557495117+00:00,2021-09-09 09:44:33.492187500+00:00,0 days 00:01:56.934692383,D337B,0.6479997684760102,0.014347624318574616,0.03434762431857462,D337B,FIX,47.48808611,8.52758611,82,48.14330407612089,8.528926596741464,13490.131,180.61487,367.30594
0,2021-09-09 09:33:29.671897888+00:00,2021-09-09 09:36:10.415863037+00:00,0 days 00:02:40.743965149,ZH676,20.794414717031003,0.19179822061272814,0.21179822061272813,ZH676,FIX,47.46111111,8.50444444,83,48.053849327064974,8.413163896769221,15430.842,179.39075,296.95947
1,2021-09-09 09:36:47.072448730+00:00,2021-09-09 09:38:25.202697754+00:00,0 days 00:01:38.130249024,ZH065,6.258926589304506,0.04183710065735538,0.061837100657355384,ZH065,FIX,47.61627778,8.27561111,83,48.053849327064974,8.413163896769221,15430.842,179.39075,296.95947
2,2021-09-09 09:39:58.021789551+00:00,2021-09-09 09:40:35.161102295+00:00,0 days 00:00:37.139312744,KLO,10.427281142262142,0.05923442989016071,0.0792344298901607,KLO,VOR,47.45713889,8.54558333,83,48.053849327064974,8.413163896769221,15430.842,179.39075,296.95947
3,2021-09-09 09:40:38.892578125+00:00,2021-09-09 09:43:12.405761719+00:00,0 days 00:02:33.513183594,ML14,0.06398780781292361,0.013271632284209724,0.03327163228420972,ML14,FIX,47.4969,8.51584167,83,48.053849327064974,8.413163896769221,15430.842,179.39075,296.95947
0,2021-09-09 09:33:49.149219513+00:00,2021-09-09 09:35:47.642044067+00:00,0 days 00:01:58.492824554,TRA,14.36113835797388,0.007119742575286154,0.027119742575286154,TRA,VOR,47.6895,8.43697222,84,48.10239369383912,8.727503245199102,13388.279,220.47183,304.5955
1,2021-09-09 09:38:01.794525146+00:00,2021-09-09 09:39:16.258911133+00:00,0 days 00:01:14.464385987,ZH066,6.8018001115217,0.1363670491699371,0.1563670491699371,ZH066,FIX,47.67805556,8.23252778,84,48.10239369383912,8.727503245199102,13388.279,220.47183,304.5955
2,2021-09-09 09:40:47.210418701+00:00,2021-09-09 09:41:42.953796387+00:00,0 days 00:00:55.743377686,ZH559,6.143132296843694,0.10456181319345749,0.1245618131934575,ZH559,FIX,47.51708333,8.38466667,84,48.10239369383912,8.727503245199102,13388.279,220.47183,304.5955
3,2021-09-09 09:42:05.892333984+00:00,2021-09-09 09:45:57.835632324+00:00,0 days 00:03:51.943298340,IKL,1.950693092114682,0.017824693204278194,0.0378246932042782,IKL,ILS,47.45986111,8.56641667,84,48.10239369383912,8.727503245199102,13388.279,220.47183,304.5955
0,2021-09-09 09:33:47.824604034+00:00,2021-09-09 09:35:32.071578979+00:00,0 days 00:01:44.246974945,ZH363,1.2344764193594133,0.05550687992624229,0.07550687992624229,ZH363,FIX,47.86533333,8.49836111,85,48.152858656965094,8.577898931726923,14855.052,199.26633,415.96252
1,2021-09-09 09:36:25.931808472+00:00,2021-09-09 09:36:58.151565552+00:00,0 days 00:00:32.219757080,ZH713,13.99225853461579,0.10932126838119334,0.12932126838119334,ZH713,FIX,47.59530556,8.23369444,85,48.152858656965094,8.577898931726923,14855.052,199.26633,415.96252
2,2021-09-09 09:37:12.129547118+00:00,2021-09-09 09:38:41.787750244+00:00,0 days 00:01:29.658203126,D242J,6.678921772047772,0.07323557400038977,0.09323557400038977,D242J,FIX,47.61773333,8.21997222,85,48.152858656965094,8.577898931726923,14855.052,199.26633,415.96252
3,2021-09-09 09:40:29.327850342+00:00,2021-09-09 09:44:48.637756348+00:00,0 days 00:04:19.309906006,IKL,1.9663519302237582,0.02992376650066242,0.04992376650066242,IKL,ILS,47.45986111,8.56641667,85,48.152858656965094,8.577898931726923,14855.052,199.26633,415.96252
0,2021-09-09 09:32:53.996647954+00:00,2021-09-09 09:36:53.427185059+00:00,0 days 00:03:59.430537105,TD002,2.779896448083315,0.0921501833994286,0.1121501833994286,TD002,FIX,47.78355556,8.43089167,86,48.120947967032805,8.604501580309062,14102.648,199.5437,284.2062
1,2021-09-09 09:39:32.197235107+00:00,2021-09-09 09:40:24.315399170+00:00,0 days 00:00:52.118164063,ZH559,6.096973139990517,0.04899616669165858,0.06899616669165858,ZH559,FIX,47.51708333,8.38466667,86,48.120947967032805,8.604501580309062,14102.648,199.5437,284.2062
2,2021-09-09 09:40:48.624481201+00:00,2021-09-09 09:44:34.673156738+00:00,0 days 00:03:46.048675537,IKL,1.961039502170843,0.01436146531773028,0.03436146531773028,IKL,ILS,47.45986111,8.56641667,86,48.120947967032805,8.604501580309062,14102.648,199.5437,284.2062
0,2021-09-09 09:33:49.921890259+00:00,2021-09-09 09:38:49.138641357+00:00,0 days 00:04:59.216751098,MOMOL,17.96145161805236,0.24529162258016887,0.26529162258016886,MOMOL,FIX,47.46166667,8.67111111,87,48.146018348407786,8.388436592887233,16793.45,176.73575,262.98416
1,2021-09-09 09:42:09.170776367+00:00,2021-09-09 09:43:28.715454102+00:00,0 days 00:01:19.544677735,ZH065,3.3867315191860894,0.047389623092264355,0.06738962309226436,ZH065,FIX,47.61627778,8.27561111,87,48.146018348407786,8.388436592887233,16793.45,176.73575,262.98416
2,2021-09-09 09:44:18.145263672+00:00,2021-09-09 09:47:56.435852051+00:00,0 days 00:03:38.290588379,D337B,0.8280076481263825,0.03477751985914327,0.05477751985914327,D337B,FIX,47.48808611,8.52758611,87,48.146018348407786,8.388436592887233,16793.45,176.73575,262.98416
0,2021-09-09 09:34:06.381645203+00:00,2021-09-09 09:37:11.609558105+00:00,0 days 00:03:05.227912902,ZH005,9.149060415093095,0.18930340478022292,0.2093034047802229,ZH005,FIX,47.70116667,8.54344444,88,48.153354438366,8.521399381076549,13607.0205,208.4449,265.79932
1,2021-09-09 09:37:59.970458984+00:00,2021-09-09 09:39:52.561218262+00:00,0 days 00:01:52.590759278,ZH066,5.750956058642282,0.04687090777131136,0.06687090777131136,ZH066,FIX,47.67805556,8.23252778,88,48.153354438366,8.521399381076549,13607.0205,208.4449,265.79932
2,2021-09-09 09:41:48.584533691+00:00,2021-09-09 09:45:51.055786133+00:00,0 days 00:04:02.471252442,D337B,0.5210102439900481,0.01803292654748216,0.038032926547482165,D337B,FIX,47.48808611,8.52758611,88,48.153354438366,8.521399381076549,13607.0205,208.4449,265.79932
0,2021-09-09 09:32:58.138226509+00:00,2021-09-09 09:33:51.707721710+00:00,0 days 00:00:53.569495201,TD004,0.9715406628151524,0.013125896447756358,0.03312589644775636,TD004,FIX,48.05262778,8.50765556,89,48.12854473964524,8.587096397011141,13811.149,213.58426,301.8119
1,2021-09-09 09:35:01.957817078+00:00,2021-09-09 09:38:19.694030762+00:00,0 days 00:03:17.736213684,ZH266,1.9952480313508232,0.08733552740217895,0.10733552740217896,ZH266,FIX,47.74180556,8.57655556,89,48.12854473964524,8.587096397011141,13811.149,213.58426,301.8119
2,2021-09-09 09:43:50.389038086+00:00,2021-09-09 09:46:09.954833984+00:00,0 days 00:02:19.565795898,D337B,0.5816396572322242,0.016385737103026626,0.03638573710302663,D337B,FIX,47.48808611,8.52758611,89,48.12854473964524,8.587096397011141,13811.149,213.58426,301.8119
0,2021-09-09 09:33:27.100212097+00:00,2021-09-09 09:38:20.094146729+00:00,0 days 00:04:52.993934632,40LOC,15.100792286739741,0.15991485588891594,0.17991485588891593,40LOC,FIX,47.52866389,8.47238611,9,48.21198875027372,8.567809538159306,15513.765,198.46596,326.51892
1,2021-09-09 09:41:58.653930664+00:00,2021-09-09 09:42:37.534057617+00:00,0 days 00:00:38.880126953,IZW,7.718622657350708,0.09424407980423537,0.11424407980423537,IZW,ILS,47.45933333,8.53202778,9,48.21198875027372,8.567809538159306,15513.765,198.46596,326.51892
2,2021-09-09 09:42:52.613220215+00:00,2021-09-09 09:44:33.871765137+00:00,0 days 00:01:41.258544922,ML14,0.13245242705146132,0.014769182301712072,0.034769182301712075,ML14,FIX,47.4969,8.51584167,9,48.21198875027372,8.567809538159306,15513.765,198.46596,326.51892
0,2021-09-09 09:34:10.466018677+00:00,2021-09-09 09:35:59.397308350+00:00,0 days 00:01:48.931289673,LEDMI,6.555901212843955,0.10720126139088677,0.12720126139088678,LEDMI,FIX,47.8645,8.58916667,90,48.21954964217244,8.53449686469166,14958.454,185.28705,279.44745
1,2021-09-09 09:37:07.704772949+00:00,2021-09-09 09:37:52.751312256+00:00,0 days 00:00:45.046539307,EDUMI,5.352456155268239,0.04257253205217462,0.06257253205217463,EDUMI,FIX,47.76138889,8.45861111,90,48.21954964217244,8.53449686469166,14958.454,185.28705,279.44745
2,2021-09-09 09:43:06.610412598+00:00,2021-09-09 09:45:47.957580566+00:00,0 days 00:02:41.347167968,ML14,0.13183955462216582,0.01267549286541856,0.03267549286541856,ML14,FIX,47.4969,8.51584167,90,48.21954964217244,8.53449686469166,14958.454,185.28705,279.44745
0,2021-09-09 09:33:51.282669067+00:00,2021-09-09 09:34:44.142066956+00:00,0 days 00:00:52.859397889,TD181,12.919739340579504,0.11497060558582506,0.13497060558582505,TD181,FIX,47.88589444,8.52562778,91,48.13704942011509,8.905708013741878,14434.22,236.0813,299.505
1,2021-09-09 09:35:28.087768555+00:00,2021-09-09 09:37:05.318420410+00:00,0 days 00:01:37.230651855,ENUSO,19.040697605375904,0.16609319519604834,0.18609319519604833,ENUSO,FIX,47.59641667,8.45255556,91,48.13704942011509,8.905708013741878,14434.22,236.0813,299.505
2,2021-09-09 09:38:10.844177246+00:00,2021-09-09 09:39:17.852722168+00:00,0 days 00:01:07.008544922,CF16,7.935632633806963,0.05913885076097234,0.07913885076097234,CF16,FIX,47.67619167,8.39718611,91,48.13704942011509,8.905708013741878,14434.22,236.0813,299.505
3,2021-09-09 09:42:18.352783203+00:00,2021-09-09 09:42:58.268981934+00:00,0 days 00:00:39.916198731,BREGO,15.135590436421639,0.11089051921977051,0.13089051921977052,BREGO,FIX,47.38972222,8.34611111,91,48.13704942011509,8.905708013741878,14434.22,236.0813,299.505
4,2021-09-09 09:43:57.620849609+00:00,2021-09-09 09:47:00.266784668+00:00,0 days 00:03:02.645935059,ML14,0.0802682249691624,0.018452160176639823,0.03845216017663983,ML14,FIX,47.4969,8.51584167,91,48.13704942011509,8.905708013741878,14434.22,236.0813,299.505
0,2021-09-09 09:33:41.400878906+00:00,2021-09-09 09:37:24.522705078+00:00,0 days 00:03:43.121826172,D257E,17.028010560118393,0.21058422515532704,0.23058422515532703,D257E,FIX,47.57478611,8.697275,92,48.17198801940014,8.651748067499723,12086.772,192.8266,299.00772
1,2021-09-09 09:38:35.903961182+00:00,2021-09-09 09:39:42.212219238+00:00,0 days 00:01:06.308258056,ZH064,16.646704590204095,0.04017019569818095,0.06017019569818095,ZH064,FIX,47.52255556,8.34055556,92,48.17198801940014,8.651748067499723,12086.772,192.8266,299.00772
2,2021-09-09 09:45:28.128173827+00:00,2021-09-09 09:48:15.277893066+00:00,0 days 00:02:47.149719239,D337B,0.5054875432370605,0.011724075946996235,0.031724075946996236,D337B,FIX,47.48808611,8.52758611,92,48.17198801940014,8.651748067499723,12086.772,192.8266,299.00772
0,2021-09-09 09:32:54.001008660+00:00,2021-09-09 09:34:33.020629883+00:00,0 days 00:01:39.019621223,TD180,2.534024503481723,0.054242915337622474,0.07424291533762248,TD180,FIX,47.91046944,8.52466944,93,48.086864145112116,8.534902487812273,13301.077,182.5698,316.63934
1,2021-09-09 09:35:26.007446289+00:00,2021-09-09 09:37:15.488220215+00:00,0 days 00:01:49.480773926,ZH065,10.88914952230754,0.09250978019912455,0.11250978019912455,ZH065,FIX,47.61627778,8.27561111,93,48.086864145112116,8.534902487812273,13301.077,182.5698,316.63934
2,2021-09-09 09:38:35.056243896+00:00,2021-09-09 09:39:07.903076172+00:00,0 days 00:00:32.846832276,ZH168,9.241464772622612,0.05140368574927052,0.07140368574927052,ZH168,FIX,47.5075,8.30013889,93,48.086864145112116,8.534902487812273,13301.077,182.5698,316.63934
3,2021-09-09 09:40:39.911621094+00:00,2021-09-09 09:43:16.083984375+00:00,0 days 00:02:36.172363281,ML14,0.2505732275046817,0.013232976630082261,0.03323297663008226,ML14,FIX,47.4969,8.51584167,93,48.086864145112116,8.534902487812273,13301.077,182.5698,316.63934
0,2021-09-09 09:33:21.156000137+00:00,2021-09-09 09:34:51.626770020+00:00,0 days 00:01:30.470769883,OLKEV,6.589861564374953,0.08395915041281955,0.10395915041281956,OLKEV,FIX,47.82375,8.62836111,94,48.08898561562773,8.621972984973397,15253.552,190.1826,291.22498
1,2021-09-09 09:35:23.385421753+00:00,2021-09-09 09:37:12.074340820+00:00,0 days 00:01:48.688919067,ZH751,13.471126332637443,0.12628391327924562,0.14628391327924561,ZH751,FIX,47.55658333,8.74288889,94,48.08898561562773,8.621972984973397,15253.552,190.1826,291.22498
2,2021-09-09 09:44:26.397644043+00:00,2021-09-09 09:47:53.965820312+00:00,0 days 00:03:27.568176269,IKL,1.933016096579601,0.02285120852382626,0.04285120852382626,IKL,ILS,47.45986111,8.56641667,94,48.08898561562773,8.621972984973397,15253.552,190.1826,291.22498
0,2021-09-09 09:33:13.422603607+00:00,2021-09-09 09:37:10.874389648+00:00,0 days 00:03:57.451786041,ENUSO,17.711602335105088,0.29032052424504445,0.31032052424504447,ENUSO,FIX,47.59641667,8.45255556,95,48.2512464838868,8.612072955149145,14972.479,191.78304,350.84586
1,2021-09-09 09:38:36.099578857+00:00,2021-09-09 09:39:57.785827637+00:00,0 days 00:01:21.686248780,ZH065,8.40679236526055,0.13270826400086658,0.15270826400086657,ZH065,FIX,47.61627778,8.27561111,95,48.2512464838868,8.612072955149145,14972.479,191.78304,350.84586
2,2021-09-09 09:40:32.993377686+00:00,2021-09-09 09:41:23.045928955+00:00,0 days 00:00:50.052551269,ZH559,7.564342997069408,0.06918868761647697,0.08918868761647697,ZH559,FIX,47.51708333,8.38466667,95,48.2512464838868,8.612072955149145,14972.479,191.78304,350.84586
3,2021-09-09 09:42:53.013366699+00:00,2021-09-09 09:45:20.488098145+00:00,0 days 00:02:27.474731446,D337B,0.6633740669515484,0.01754088040579525,0.03754088040579525,D337B,FIX,47.48808611,8.52758611,95,48.2512464838868,8.612072955149145,14972.479,191.78304,350.84586
0,2021-09-09 09:32:54.005067647+00:00,2021-09-09 09:37:02.736923218+00:00,0 days 00:04:08.731855571,ZH714,11.004503115444088,0.15956828048350605,0.17956828048350604,ZH714,FIX,47.62708333,8.33752778,96,48.083809251966734,8.65191785561507,12251.553,204.79314,343.5768
1,2021-09-09 09:40:34.635223389+00:00,2021-09-09 09:43:23.706115723+00:00,0 days 00:02:49.070892334,ML14,0.15517787612552478,0.014689134835042252,0.034689134835042254,ML14,FIX,47.4969,8.51584167,96,48.083809251966734,8.65191785561507,12251.553,204.79314,343.5768
0,2021-09-09 09:34:30.502655029+00:00,2021-09-09 09:39:23.715972900+00:00,0 days 00:04:53.213317871,ENUSO,7.977300277937977,0.11669224386507511,0.1366922438650751,ENUSO,FIX,47.59641667,8.45255556,97,48.11154068970808,8.780747173317335,13617.081,223.07878,298.68954
1,2021-09-09 09:40:12.387969971+00:00,2021-09-09 09:41:15.786956787+00:00,0 days 00:01:03.398986816,ZH065,6.0889440696427375,0.10561183965379778,0.12561183965379777,ZH065,FIX,47.61627778,8.27561111,97,48.11154068970808,8.780747173317335,13617.081,223.07878,298.68954
2,2021-09-09 09:43:33.925598145+00:00,2021-09-09 09:46:14.244323730+00:00,0 days 00:02:40.318725585,IKL,1.942863772339653,0.01841031800225446,0.03841031800225446,IKL,ILS,47.45986111,8.56641667,97,48.11154068970808,8.780747173317335,13617.081,223.07878,298.68954
0,2021-09-09 09:32:54.005527586+00:00,2021-09-09 09:34:27.443328857+00:00,0 days 00:01:33.437801271,TD180,5.227539337769204,0.08674187765163967,0.10674187765163967,TD180,FIX,47.91046944,8.52466944,98,48.11981049971711,8.681810122214252,13277.207,206.29324,350.0306
1,2021-09-09 09:34:38.748207092+00:00,2021-09-09 09:37:49.701446533+00:00,0 days 00:03:10.953239441,ZH109,2.9049460670500173,0.06323819530639259,0.08323819530639259,ZH109,FIX,47.69477778,8.44619444,98,48.11981049971711,8.681810122214252,13277.207,206.29324,350.0306
2,2021-09-09 09:38:00.469543457+00:00,2021-09-09 09:39:05.200103760+00:00,0 days 00:01:04.730560303,D242F,4.416929457774851,0.06966520893366114,0.08966520893366114,D242F,FIX,47.64560833,8.30404444,98,48.11981049971711,8.681810122214252,13277.207,206.29324,350.0306
3,2021-09-09 09:41:19.851501465+00:00,2021-09-09 09:45:18.788757324+00:00,0 days 00:03:58.937255859,IKL,1.9643349435198378,0.01442000298647278,0.034420002986472784,IKL,ILS,47.45986111,8.56641667,98,48.11981049971711,8.681810122214252,13277.207,206.29324,350.0306
0,2021-09-09 09:33:01.807250977+00:00,2021-09-09 09:41:11.075500488+00:00,0 days 00:08:09.268249511,ZH306,7.8812480584391915,0.2667910289833694,0.28679102898336944,ZH306,FIX,47.53513889,8.30475,99,48.14341828743561,8.720108420513508,13362.823,206.78696,280.45526
1,2021-09-09 09:43:18.951171875+00:00,2021-09-09 09:45:24.867980957+00:00,0 days 00:02:05.916809082,D337B,0.4565503816508044,0.008038406825467833,0.028038406825467835,D337B,FIX,47.48808611,8.52758611,99,48.14341828743561,8.720108420513508,13362.823,206.78696,280.45526
