,track,groundspeed,altitude,timedelta,latitude,longitude,flight_id,callsign,icao24,timestamp
0,201.3746,327.06055,14865.017,-0.004267812,48.07901527689709,8.674146370454551,0,0,0,2021-09-08 16:28:40.700101188
58,204.85455,244.66379,9705.526,203.03244,47.81976552780972,8.57415473966296,0,0,0,2021-09-08 16:32:03.736809186
122,189.7312,191.74825,5320.533,427.18784,47.659664019092965,8.359321508517246,0,0,0,2021-09-08 16:35:47.892204693
148,146.62459,207.17874,4297.5464,517.696,47.581925084477625,8.399838930339703,0,0,0,2021-09-08 16:37:18.400352887
199,137.11153,134.27571,1595.3529,696.1135,47.48374938964844,8.533771514892578,0,0,0,2021-09-08 16:40:16.817894391
200,187.08923,258.4625,13414.151,0.010614336,48.17192059933183,8.55672058385595,1,1,1,2021-09-08 16:28:40.714983336
226,177.35251,249.01064,10919.791,113.36885,48.04273073428358,8.54008678282247,1,1,1,2021-09-08 16:30:34.073219708
256,172.07877,247.77675,9612.02,243.99132,47.896412246245994,8.590993907296467,1,1,1,2021-09-08 16:32:44.695686749
277,194.8607,229.71419,9033.317,335.4353,47.7969113027793,8.590098401849383,1,1,1,2021-09-08 16:34:16.139671734
291,240.43819,229.43677,8471.169,396.37595,47.748607247522486,8.53276097166387,1,1,1,2021-09-08 16:35:17.080315045
315,233.91832,221.33652,7480.9487,501.63193,47.721411730790024,8.374968606953297,1,1,1,2021-09-08 16:37:02.336296490
331,186.87903,194.53923,6423.6304,572.2493,47.66524348248746,8.327200062718445,1,1,1,2021-09-08 16:38:12.953697613
348,142.81699,182.44771,4869.412,645.9083,47.60800099597777,8.364911382678224,1,1,1,2021-09-08 16:39:26.612694195
399,137.30333,151.43881,2035.3035,867.11426,47.48359680175781,8.534042358398438,1,1,1,2021-09-08 16:43:07.818626812
2000,197.86612,317.4859,14542.462,0.01214546,48.09951147725706,8.552540464914296,10,10,10,2021-09-08 16:28:40.716514460
2035,181.99878,288.21597,10639.061,139.86957,47.90459972956848,8.515547821773323,10,10,10,2021-09-08 16:31:00.573936871
2066,197.91858,249.12114,10038.582,264.32565,47.754955383444496,8.539991242596683,10,10,10,2021-09-08 16:33:05.030022076
2075,253.23715,247.50749,9348.8,299.7478,47.730794856166355,8.495595810982913,10,10,10,2021-09-08 16:33:40.452171734
2101,244.68344,222.18747,7938.1816,404.1931,47.71710253529878,8.327011827886938,10,10,10,2021-09-08 16:35:24.897484234
2109,207.19633,206.52019,7532.757,436.29196,47.69479455280689,8.295871236972072,10,10,10,2021-09-08 16:35:56.996330670
2120,181.78154,192.85312,6669.789,481.24014,47.655051132113364,8.284150845927206,10,10,10,2021-09-08 16:36:41.944511822
2130,135.76418,196.00856,5721.0596,521.7015,47.62281191249887,8.30377347468026,10,10,10,2021-09-08 16:37:22.405846051
2149,131.56047,190.3754,4335.0444,595.28876,47.592084931978626,8.390786591780895,10,10,10,2021-09-08 16:38:35.993126324
2199,137.39403,143.27307,1611.3617,794.9451,47.48341369628906,8.534248352050781,10,10,10,2021-09-08 16:41:55.649498395
2200,201.40549,297.19272,12656.744,-0.000100672245,48.11016689485055,8.718801053579517,11,11,11,2021-09-08 16:28:40.704268328
2241,198.21332,239.39197,10180.526,169.21031,47.92400621938758,8.59604113765385,11,11,11,2021-09-08 16:31:29.914680890
2271,210.38416,234.08188,9585.055,293.3497,47.790499116207485,8.565655794245108,11,11,11,2021-09-08 16:33:34.054069928
2291,230.40836,222.30333,7994.1953,375.33783,47.72507103235398,8.482733974767351,11,11,11,2021-09-08 16:34:56.042198590
2312,245.66254,200.1041,6543.45,462.52847,47.70435890985387,8.363258916720877,11,11,11,2021-09-08 16:36:23.232841900
2321,191.3885,195.70819,5929.9907,499.92032,47.677309930019945,8.336359014030606,11,11,11,2021-09-08 16:37:00.624687604
2338,146.69804,182.1311,5032.2764,570.76984,47.61889291621039,8.35245831692218,11,11,11,2021-09-08 16:38:11.474205426
2399,137.18484,139.29869,1567.9784,822.65546,47.48402786254883,8.533489227294922,11,11,11,2021-09-08 16:42:23.359825543
2400,185.23857,315.56036,13384.769,0.0015282929,48.12647978504509,8.427415450280678,12,12,12,2021-09-08 16:28:40.705897293
2430,180.01639,320.87457,9709.989,105.58667,47.974772041922435,8.379288925048309,12,12,12,2021-09-08 16:30:26.291038922
2472,183.98756,230.83188,8421.315,250.99261,47.80332998786555,8.434776158973527,12,12,12,2021-09-08 16:32:51.696983746
2493,205.03021,227.70737,6863.96,324.61224,47.73826773015308,8.37494942961999,12,12,12,2021-09-08 16:34:05.316612652
2502,175.04813,225.77122,6134.363,356.45538,47.70591865226121,8.367364384403642,12,12,12,2021-09-08 16:34:37.159752301
2541,151.85898,171.64018,3738.908,491.777,47.58591572071678,8.394206778439317,12,12,12,2021-09-08 16:36:52.481377057
2599,137.30124,137.00984,1096.6553,693.80865,47.483642578125,8.533905029296875,12,12,12,2021-09-08 16:40:14.513023785
2600,180.95795,285.38843,13660.22,0.0037908256,48.155951870518585,8.554074907803695,13,13,13,2021-09-08 16:28:40.708159826
2627,170.60095,277.83896,12948.412,104.81177,48.02512940997173,8.571629769262028,13,13,13,2021-09-08 16:30:25.516136578
2654,175.13808,279.97116,10557.956,209.35335,47.89182395387196,8.62739177604776,13,13,13,2021-09-08 16:32:10.057716778
2683,192.72377,233.79274,9010.547,322.29446,47.76358203703433,8.599993555006547,13,13,13,2021-09-08 16:34:02.998833111
2697,233.25,233.00069,7937.6353,376.18484,47.71792288808204,8.551914650835412,13,13,13,2021-09-08 16:34:56.889213971
2724,243.96124,204.00676,5693.895,481.54886,47.68602305148162,8.405323089740572,13,13,13,2021-09-08 16:36:42.253227643
2737,182.55118,210.36235,4632.0127,531.83044,47.647781674883014,8.36910039856644,13,13,13,2021-09-08 16:37:32.534813336
2758,146.42513,209.12077,3645.715,613.17694,47.575162030913724,8.410757116786634,13,13,13,2021-09-08 16:38:53.881309918
2799,137.19852,142.40485,1347.2552,772.5313,47.483577728271484,8.53395938873291,13,13,13,2021-09-08 16:41:33.235680035
2800,207.26802,324.17664,14531.977,0.0056016445,48.186756261992336,8.704510909119582,14,14,14,2021-09-08 16:28:40.709970645
2819,209.44226,319.49915,12451.821,75.141304,48.0861428724276,8.636024301363038,14,14,14,2021-09-08 16:29:55.845673016
2841,199.49725,307.6977,10445.35,162.18152,47.9837669480848,8.532424951263357,14,14,14,2021-09-08 16:31:22.885887555
2859,182.92477,274.8636,9700.034,233.19626,47.891401031135786,8.50295030149391,14,14,14,2021-09-08 16:32:33.900627545
2877,203.47311,227.60776,8695.082,304.8802,47.81150798563077,8.519939219904716,14,14,14,2021-09-08 16:33:45.584556988
2902,220.6518,208.82784,7100.1333,403.43982,47.75638756332175,8.40664683620509,14,14,14,2021-09-08 16:35:24.144188336
2929,192.19699,186.05931,5750.8096,509.89365,47.665529646388755,8.354946152788767,14,14,14,2021-09-08 16:37:10.598015240
2955,147.25735,185.479,3767.2026,613.867,47.583009937047514,8.402105137324094,14,14,14,2021-09-08 16:38:54.571373395
2999,137.35004,149.18509,1357.1997,785.4341,47.4836540222168,8.533982276916504,14,14,14,2021-09-08 16:41:46.138451031
3000,209.3775,317.76398,17852.436,-0.006034136,48.12362548883494,8.716009383666963,15,15,15,2021-09-08 16:28:40.698334864
3015,190.05453,305.10645,16725.309,51.783546,48.055561136781265,8.676496333467822,15,15,15,2021-09-08 16:29:32.487915448
3065,200.87273,285.34265,11376.488,224.11115,47.82564900970451,8.64241927476546,15,15,15,2021-09-08 16:32:24.815514020
3116,218.26166,220.54538,5948.2036,400.6382,47.67689036255405,8.446986787174344,15,15,15,2021-09-08 16:35:21.342583111
3133,193.34431,204.63327,4858.157,459.9228,47.62440430005861,8.414387786828078,15,15,15,2021-09-08 16:36:20.627159527
3157,150.22192,187.86005,3474.2222,542.0694,47.55184247460045,8.44440642019059,15,15,15,2021-09-08 16:37:42.773765973
3199,137.05566,128.19333,1853.7766,685.3441,47.4836540222168,8.533967018127441,15,15,15,2021-09-08 16:40:06.048485211
3200,219.63522,316.81696,15256.016,-0.015328646,48.178579876449454,8.971380346450433,16,16,16,2021-09-08 16:28:40.689040354
3220,204.40327,274.7588,13822.742,87.72295,48.085350769816735,8.863899819251081,16,16,16,2021-09-08 16:30:08.427322796
3278,212.29666,262.08914,8420.941,345.73697,47.79109179431671,8.728831875168192,16,16,16,2021-09-08 16:34:26.441337994
3319,236.39534,213.17235,5508.5024,526.74927,47.70751581056197,8.465149393571362,16,16,16,2021-09-08 16:37:27.453636578
3343,204.25078,183.91064,4412.598,632.26807,47.624196788635544,8.392888935121874,16,16,16,2021-09-08 16:39:12.972435405
3355,147.15222,185.67271,3777.0342,687.0618,47.58076500493274,8.404196685623544,16,16,16,2021-09-08 16:40:07.766197613
3399,137.01183,127.95107,1195.4492,880.4962,47.48384094238281,8.53363037109375,16,16,16,2021-09-08 16:43:21.200584820
3400,175.17505,286.18524,15933.878,-0.0010179281,48.17624136498367,8.530418161434017,17,17,17,2021-09-08 16:28:40.703351072
3417,162.52654,282.84396,14585.158,71.56168,48.08501140094666,8.548379548543062,17,17,17,2021-09-08 16:29:52.266052655
3445,165.38214,284.08835,11769.315,189.31036,47.94469554906099,8.64327108001942,17,17,17,2021-09-08 16:31:50.014732770
3463,195.61034,275.09583,10181.426,265.5462,47.84825229679085,8.656025656451963,17,17,17,2021-09-08 16:33:06.250572613
3470,240.47731,266.45358,9698.948,294.0641,47.822057612268516,8.623051292342746,17,17,17,2021-09-08 16:33:34.768455913
3504,235.95328,259.27856,7475.448,438.49313,47.751408368249386,8.39097132098573,17,17,17,2021-09-08 16:35:59.197502545
3519,225.78972,234.33617,6802.0396,501.4962,47.7061460707116,8.308471394520954,17,17,17,2021-09-08 16:37:02.200554303
3526,183.0431,222.61707,6480.1436,530.52905,47.67936475419543,8.290583041366313,17,17,17,2021-09-08 16:37:31.233421733
3599,137.23515,135.16325,1365.1157,838.05255,47.48359680175781,8.533767700195312,17,17,17,2021-09-08 16:42:38.756920270
3600,179.65805,289.71234,16744.492,0.010810465,48.12208508811697,8.490588561796791,18,18,18,2021-09-08 16:28:40.715179465
3629,167.63486,271.67755,13998.303,119.22952,47.97017079248241,8.499581235302822,18,18,18,2021-09-08 16:30:39.933891705
3674,189.96872,246.91269,9381.217,303.52402,47.761881171958855,8.617013091754014,18,18,18,2021-09-08 16:33:44.228386333
3684,260.28738,231.05347,8706.248,344.89847,47.73400591036681,8.570297060277815,18,18,18,2021-09-08 16:34:25.602837018
3709,248.9213,238.2013,7083.6265,447.6332,47.745307059120044,8.412331124102247,18,18,18,2021-09-08 16:36:08.337578229
3737,180.3691,193.19301,5184.749,562.26404,47.65370474542556,8.320822864671927,18,18,18,2021-09-08 16:38:02.968407086
3799,137.33112,165.68622,1228.41,815.92725,47.483516693115234,8.534193992614746,18,18,18,2021-09-08 16:42:16.631615094
3800,199.72336,342.13098,14494.264,0.00010481477,48.18807725880633,8.60921322999219,19,19,19,2021-09-08 16:28:40.704473815
3822,178.11563,309.21442,13051.913,88.38584,48.06075750889679,8.567440122933512,19,19,19,2021-09-08 16:30:09.090210370
3876,188.57185,256.35324,9251.447,305.64108,47.777240123753536,8.637360496070915,19,19,19,2021-09-08 16:33:46.345451764
3883,241.76767,239.01917,8704.219,333.88425,47.75383893645164,8.607941795570616,19,19,19,2021-09-08 16:34:14.588615826
3916,234.16766,202.02934,6229.012,466.17163,47.70703395992614,8.430696176340689,19,19,19,2021-09-08 16:36:26.875999859
3939,185.30223,200.42285,4550.349,558.55914,47.63192566052102,8.371585208828582,19,19,19,2021-09-08 16:37:59.263512066
3953,143.44945,192.5623,3927.5088,614.6514,47.58559693701519,8.397193894218749,19,19,19,2021-09-08 16:38:55.355797223
3999,137.07103,141.35349,1426.448,800.29254,47.48345947265625,8.534248352050781,19,19,19,2021-09-08 16:42:00.996910504
400,193.1628,308.56323,13343.192,8.237362e-05,48.1253253359882,8.624039866978503,2,2,2,2021-09-08 16:28:40.704451374
436,191.53526,281.46466,10188.835,137.10349,47.93741767061668,8.58861419524269,2,2,2,2021-09-08 16:30:57.807854107
467,199.88904,239.70996,8912.068,255.00172,47.80761908904977,8.522815089261588,2,2,2,2021-09-08 16:32:55.706093243
488,218.8848,224.56519,7949.573,335.66452,47.753544309620686,8.430009837452252,2,2,2,2021-09-08 16:34:16.368889264
511,188.23547,232.11032,5495.4917,423.947,47.6723589281569,8.364829558887621,2,2,2,2021-09-08 16:35:44.651359967
531,154.7581,173.07687,4704.7993,499.85413,47.60231396838428,8.38349380013014,2,2,2,2021-09-08 16:37:00.558494977
599,137.18625,134.42636,1717.437,758.2821,47.48356246948242,8.534052848815918,2,2,2,2021-09-08 16:41:18.986473492
4000,177.3627,313.9025,13087.043,0.00341478,48.15676770807466,8.478296152045917,20,20,20,2021-09-08 16:28:40.707783780
4035,172.78114,294.62268,10215.066,133.07721,47.96583783706744,8.49169673670186,20,20,20,2021-09-08 16:30:53.781578473
4066,189.54128,244.05374,9292.205,251.56328,47.827284309380694,8.541937697598717,20,20,20,2021-09-08 16:32:52.267647198
4107,216.4987,229.63034,5758.2705,407.0924,47.71959434714203,8.365840442091546,20,20,20,2021-09-08 16:35:27.796776227
4129,177.18874,193.3918,4875.2017,490.18723,47.638489253152606,8.340925161412024,20,20,20,2021-09-08 16:36:50.891594342
4140,142.45197,172.79472,4409.0444,536.85077,47.60443275081622,8.364638735586402,20,20,20,2021-09-08 16:37:37.555138043
4199,137.36583,149.86505,1119.1707,758.3839,47.48360824584961,8.533982276916504,20,20,20,2021-09-08 16:41:19.088280133
4200,202.61833,280.01498,13934.861,-0.0026042461,48.12701114443399,8.617793511117938,21,21,21,2021-09-08 16:28:40.701764754
4213,186.89441,275.5412,13023.069,47.678413,48.0694889977395,8.591827053809002,21,21,21,2021-09-08 16:29:28.382782391
4266,198.2848,234.52414,9449.206,242.12837,47.83880048530176,8.580092234733057,21,21,21,2021-09-08 16:32:42.832741192
4316,215.33966,226.20592,5387.928,425.57327,47.69806059750025,8.39315537064916,21,21,21,2021-09-08 16:35:46.277641705
4336,185.0678,206.95453,4604.0444,499.5481,47.62591895127863,8.364542214484963,21,21,21,2021-09-08 16:37:00.252464703
4346,142.83482,200.44167,4366.8867,536.1426,47.5945262568675,8.380189789717955,21,21,21,2021-09-08 16:37:36.846947125
4399,137.09981,141.90538,1243.6613,730.27936,47.48360824584961,8.534052848815918,21,21,21,2021-09-08 16:40:50.983726910
4400,174.3315,286.34323,12461.609,-0.011331499,48.15804956724053,8.688555518646375,22,22,22,2021-09-08 16:28:40.693037501
4433,179.6484,233.81067,10410.322,145.72311,47.986658347825504,8.713325980073808,22,22,22,2021-09-08 16:31:06.427483014
4460,202.51894,224.77263,8880.298,262.43863,47.86747687292282,8.68696986402406,22,22,22,2021-09-08 16:33:03.142998150
4480,228.73424,203.55917,8120.825,349.8445,47.79973038393883,8.607099469825876,22,22,22,2021-09-08 16:34:30.548881939
4518,233.04935,199.93549,5232.1113,519.14734,47.724328140210254,8.419499702744476,22,22,22,2021-09-08 16:37:19.851707867
4528,189.59898,213.1725,4720.1245,564.45435,47.68618229395455,8.39281842665478,22,22,22,2021-09-08 16:38:05.158714703
4550,156.87164,203.15671,4468.763,656.5167,47.6005076984986,8.385513684972635,22,22,22,2021-09-08 16:39:37.221092633
4599,136.84995,121.23438,1635.44,878.89374,47.483734130859375,8.533836364746094,22,22,22,2021-09-08 16:43:19.598106793
4600,212.76688,350.15506,15041.5205,0.0021417737,48.161043178235396,8.813555792209108,23,23,23,2021-09-08 16:28:40.706510774
4610,197.06627,336.29846,14126.246,44.282993,48.09782353542747,8.770798556132196,23,23,23,2021-09-08 16:29:24.987362317
4650,194.59834,278.20303,10296.129,221.04059,47.86068508005695,8.694626430809182,23,23,23,2021-09-08 16:32:21.744957379
4662,218.26451,267.5874,9213.423,274.06454,47.80066497197297,8.65457175480835,23,23,23,2021-09-08 16:33:14.768913677
4670,257.43073,258.18924,8698.679,309.47992,47.77931089731596,8.60152324604608,23,23,23,2021-09-08 16:33:50.184288434
4705,251.87213,231.95692,7177.218,464.6729,47.766044451466456,8.345449807427496,23,23,23,2021-09-08 16:36:25.377281598
4722,197.28123,213.7678,6471.1367,540.0884,47.70949498855267,8.272845905300015,23,23,23,2021-09-08 16:37:40.792747906
4729,158.9623,214.71806,6083.751,571.0448,47.679950799339494,8.276274844911084,23,23,23,2021-09-08 16:38:11.749168805
4744,143.74736,222.76956,5055.3105,636.23425,47.62407286729271,8.327939149819105,23,23,23,2021-09-08 16:39:16.938621930
4799,137.21883,139.15028,1654.9442,879.9178,47.483367919921875,8.533836364746094,23,23,23,2021-09-08 16:43:20.622154645
4800,190.7676,251.23596,14476.963,0.0029812455,48.14999866851816,8.61571049830881,24,24,24,2021-09-08 16:28:40.707350246
4810,173.93701,255.34718,13871.014,42.204136,48.101774906203104,8.611034205746105,24,24,24,2021-09-08 16:29:22.908504895
4830,169.3688,282.77606,12086.985,126.48798,48.002274126464485,8.658770692058637,24,24,24,2021-09-08 16:30:47.192352704
4867,196.7788,268.3033,9935.3955,282.19537,47.80035772933142,8.687059095150108,24,24,24,2021-09-08 16:33:22.899742535
4883,243.66783,234.04106,9283.148,349.76886,47.74158684277141,8.617295241600313,24,24,24,2021-09-08 16:34:30.473228863
4911,236.7984,202.92506,6902.1997,467.7609,47.72237094612131,8.449241704805635,24,24,24,2021-09-08 16:36:28.465263775
4928,220.59566,190.50926,5354.676,539.2593,47.67725245517645,8.380903100038395,24,24,24,2021-09-08 16:37:39.963646344
4937,184.7449,190.61449,4826.532,576.8127,47.6471636616114,8.364022179905382,24,24,24,2021-09-08 16:38:17.517052105
4953,144.91118,193.15758,4333.7896,644.47375,47.591674537820985,8.389461194780655,24,24,24,2021-09-08 16:39:25.178123883
4999,137.13367,140.79524,1695.7686,838.00616,47.48350524902344,8.5341796875,24,24,24,2021-09-08 16:42:38.710533551
5000,179.27956,311.6487,13142.393,0.0022481978,48.21475648397502,8.612276354049532,25,25,25,2021-09-08 16:28:40.706617198
5070,183.76157,250.91545,9623.165,325.2098,47.813448845040874,8.771494984276156,25,25,25,2021-09-08 16:34:05.914177350
5076,247.10161,245.46472,8831.312,351.42358,47.79270744637607,8.742937352396783,25,25,25,2021-09-08 16:34:32.127952984
5087,256.4388,254.39879,7386.283,401.9294,47.78973446351482,8.657864541528244,25,25,25,2021-09-08 16:35:22.633781842
5101,248.0822,255.11746,6336.686,466.3349,47.754013464321616,8.56004576466801,25,25,25,2021-09-08 16:36:27.039268902
5117,247.46996,242.96947,5895.267,541.031,47.732327339223126,8.437650782100363,25,25,25,2021-09-08 16:37:41.735374859
5131,210.23085,219.69273,5060.75,606.6247,47.687073338580284,8.361653034169402,25,25,25,2021-09-08 16:38:47.329063824
5153,152.30232,171.11188,3700.4258,706.52344,47.600957023692395,8.381530435492664,25,25,25,2021-09-08 16:40:27.227806500
5199,137.15701,144.64563,1161.6951,920.53735,47.48374938964844,8.533842086791992,25,25,25,2021-09-08 16:44:01.241722516
5200,191.61467,282.08847,14719.033,0.0063088834,48.09333875247523,8.615333552740148,26,26,26,2021-09-08 16:28:40.710677883
5209,168.43352,280.90448,14012.728,43.221916,48.03818190013533,8.616225891966966,26,26,26,2021-09-08 16:29:23.926285199
5252,171.44643,265.54355,10600.348,249.55367,47.78564584322988,8.71939769440144,26,26,26,2021-09-08 16:32:50.258034161
5267,206.1373,255.95546,8931.325,321.42682,47.702001009690335,8.70243117809745,26,26,26,2021-09-08 16:34:02.131187848
5274,227.7503,247.84161,8462.021,355.20688,47.67114913258369,8.667971811349943,26,26,26,2021-09-08 16:34:35.911247662
5281,258.46097,238.6735,8170.0557,388.68192,47.655412719091146,8.618681261962108,26,26,26,2021-09-08 16:35:09.386284283
5315,273.76492,198.5902,6697.583,552.3308,47.69701114242757,8.394341307886277,26,26,26,2021-09-08 16:37:53.035179547
5326,244.2487,183.66547,5753.727,605.3972,47.68747415032474,8.327408460775695,26,26,26,2021-09-08 16:38:46.101585797
5334,186.79166,169.89519,5349.363,645.5901,47.66277621695426,8.301036405165028,26,26,26,2021-09-08 16:39:26.294456891
5399,137.17442,154.77916,1269.2811,954.69147,47.483612060546875,8.534042358398438,26,26,26,2021-09-08 16:44:35.395836285
5400,175.44646,360.7745,14493.64,-0.0021025538,48.0658065374932,8.56331747120212,27,27,27,2021-09-08 16:28:40.702266446
5413,178.79504,335.54764,13005.064,54.378227,47.97960940851442,8.581782270405641,27,27,27,2021-09-08 16:29:35.082596234
5442,173.21121,251.68599,11283.141,175.57495,47.81891261597261,8.56412240034076,27,27,27,2021-09-08 16:31:36.279320172
5454,158.70192,229.94083,10981.964,225.8706,47.7657293050524,8.582780873000788,27,27,27,2021-09-08 16:32:26.574974469
5472,161.03012,219.8908,9992.346,301.18002,47.699164563267196,8.64047951327482,27,27,27,2021-09-08 16:33:41.884392193
5483,197.31233,226.43434,8989.254,347.79376,47.65233626977604,8.638187408374387,27,27,27,2021-09-08 16:34:28.498131207
5490,236.54724,232.1398,8330.594,377.82162,47.628512071877886,8.609079529788968,27,27,27,2021-09-08 16:34:58.525993756
5496,278.855,239.16478,7803.943,401.07678,47.62531269193197,8.572883443890298,27,27,27,2021-09-08 16:35:21.781151227
5515,296.59653,232.24333,6463.987,481.42654,47.6743585842317,8.466600660182339,27,27,27,2021-09-08 16:36:42.130913189
5525,271.8257,224.36816,5588.9526,523.44604,47.68236875222235,8.402976439827917,27,27,27,2021-09-08 16:37:24.150413922
5532,233.06047,222.23485,4950.066,552.8708,47.67349217606902,8.361487997047465,27,27,27,2021-09-08 16:37:53.575157574
5538,182.67874,221.86719,4523.8623,577.45667,47.65111852298951,8.347882763099978,27,27,27,2021-09-08 16:38:18.161034039
5551,144.71953,210.87282,4107.1396,631.60394,47.601068502782454,8.373549283282651,27,27,27,2021-09-08 16:39:12.308311871
5599,137.28984,147.31584,1326.4951,831.72845,47.481048583984375,8.538368225097656,27,27,27,2021-09-08 16:42:32.432823590
5600,210.77211,292.37268,14181.216,0.0021061897,48.06779315148429,8.670749017805868,28,28,28,2021-09-08 16:28:40.706475190
5635,215.69098,253.18661,11870.677,119.84882,47.93106619408238,8.579020194145402,28,28,28,2021-09-08 16:30:40.553192547
5656,227.50993,243.76508,10550.891,191.75597,47.8683480633962,8.502757088283131,28,28,28,2021-09-08 16:31:52.460335187
5675,212.63942,268.5116,9337.888,257.04758,47.82833609414252,8.40976539060744,28,28,28,2021-09-08 16:32:57.751945904
5695,193.91417,265.07852,8301.495,325.43216,47.744321185607426,8.409551515749293,28,28,28,2021-09-08 16:34:06.136528424
5720,191.83083,212.7338,7141.763,411.07233,47.669434886136266,8.335145498855084,28,28,28,2021-09-08 16:35:31.776695660
5739,146.48386,240.94661,4864.765,477.4278,47.60505391749374,8.370279283157522,28,28,28,2021-09-08 16:36:38.132164410
5799,137.19624,133.22519,1956.6567,680.4796,47.48360824584961,8.534123420715332,28,28,28,2021-09-08 16:40:01.183983258
5800,216.91263,307.09146,12921.317,0.002395302,48.08051534302641,8.688588188141873,29,29,29,2021-09-08 16:28:40.706764302
5862,214.50797,270.8173,10833.712,204.711,47.831355053552066,8.489733074353744,29,29,29,2021-09-08 16:32:05.415367535
5870,239.38034,256.47546,10609.656,231.81483,47.80884160314617,8.45538043749444,29,29,29,2021-09-08 16:32:32.519203595
5883,236.43423,251.82794,9984.548,274.87625,47.79450857416466,8.38534582386331,29,29,29,2021-09-08 16:33:15.580620221
5893,192.06174,256.49432,9126.325,307.24365,47.762184816659634,8.359717073085285,29,29,29,2021-09-08 16:33:47.948021344
5931,157.97357,237.7054,5615.2715,434.23456,47.60889030959135,8.352263304988535,29,29,29,2021-09-08 16:35:54.938927105
5999,137.16112,141.76804,1764.6797,657.96185,47.4835205078125,8.534154891967773,29,29,29,2021-09-08 16:39:38.666222027
600,204.27258,269.06766,15609.011,0.018571377,48.090549524937934,8.600235028605981,3,3,3,2021-09-08 16:28:40.722940377
611,188.25368,262.11615,14809.006,51.61697,48.03125787833811,8.57261558249521,3,3,3,2021-09-08 16:29:32.321339062
624,174.93283,260.72498,13645.752,113.00242,47.95840756636103,8.571811146463505,3,3,3,2021-09-08 16:30:33.706787518
651,165.72304,251.03452,11709.969,239.50543,47.82330822170761,8.672946217611186,3,3,3,2021-09-08 16:32:40.209801129
669,203.45741,224.4786,10438.705,324.8973,47.733658031146746,8.654363741214665,3,3,3,2021-09-08 16:34:05.601677350
677,265.46948,215.98117,9665.934,362.68268,47.71441921524195,8.61047950331954,3,3,3,2021-09-08 16:34:43.387047223
712,256.16113,221.67717,7142.0605,527.1796,47.728236773802436,8.36328869500618,3,3,3,2021-09-08 16:37:27.883995465
720,216.71402,215.14061,6458.6426,567.9041,47.70368659439792,8.316434590234785,3,3,3,2021-09-08 16:38:08.608482770
730,184.53293,193.09164,5531.58,615.9671,47.66205188485747,8.295111060534373,3,3,3,2021-09-08 16:38:56.671471051
799,137.32228,164.82173,1603.2838,935.96967,47.48405456542969,8.533424377441406,3,3,3,2021-09-08 16:44:16.674034527
6000,186.85945,287.20392,12742.458,0.003440857,48.16155077674263,8.611932827036469,30,30,30,2021-09-08 16:28:40.707809857
6013,170.85098,281.62704,11950.87,56.30943,48.08860230267653,8.6139925668323,30,30,30,2021-09-08 16:29:37.013798169
6035,174.42462,263.47662,11185.38,151.39249,47.97315092859607,8.661935487081733,30,30,30,2021-09-08 16:31:12.096855572
6069,196.01123,224.83052,9802.034,299.23,47.80920111903062,8.65069745052191,30,30,30,2021-09-08 16:33:39.934379986
6079,241.92494,210.94638,9317.892,342.34827,47.77622797704156,8.613199175652932,30,30,30,2021-09-08 16:34:23.052635602
6096,251.0444,210.53358,7810.5337,415.79276,47.769774374378166,8.509599842872257,30,30,30,2021-09-08 16:35:36.497124127
6115,228.5913,188.70148,5957.032,497.87485,47.725908998972066,8.418151768067057,30,30,30,2021-09-08 16:36:58.579216412
6142,187.0784,180.62471,4473.0513,615.6716,47.634790389594365,8.374700088060942,30,30,30,2021-09-08 16:38:56.375938824
6158,145.14001,193.19643,4063.66,684.7852,47.57991217998995,8.40454097186832,30,30,30,2021-09-08 16:40:05.489586285
6199,137.06902,136.76793,1686.2139,862.5957,47.48377990722656,8.533767700195312,30,30,30,2021-09-08 16:43:03.300072125
6200,184.68715,306.85898,14591.726,0.0048329234,48.15951686890002,8.535076671411357,31,31,31,2021-09-08 16:28:40.709201923
6247,172.18195,295.65323,11389.842,183.67824,47.91419767582282,8.56206520185686,31,31,31,2021-09-08 16:31:44.382606915
6268,187.31808,264.8651,10376.767,266.12183,47.81344740878316,8.609560724104522,31,31,31,2021-09-08 16:33:06.826195172
6286,236.42976,259.388,9234.004,336.14386,47.75339446416451,8.527211030320867,31,31,31,2021-09-08 16:34:16.848228863
6309,230.31656,247.85782,7277.1763,426.00247,47.71852394331449,8.380562554559715,31,31,31,2021-09-08 16:35:46.706840924
6325,180.85823,209.61232,6250.867,488.07425,47.66105287773824,8.342744216496254,31,31,31,2021-09-08 16:36:48.778618268
6340,144.94447,190.91014,5159.209,547.9533,47.609045681969405,8.354328095582673,31,31,31,2021-09-08 16:37:48.657677105
6399,137.2374,145.19089,1702.9609,777.48193,47.48350524902344,8.5341796875,31,31,31,2021-09-08 16:41:38.186302594
6400,175.13762,306.36484,14057.168,0.006403595,48.12469369870648,8.43695971922617,32,32,32,2021-09-08 16:28:40.710772595
6414,166.84497,295.3478,12455.253,50.489662,48.0557849054753,8.4484352335705,32,32,32,2021-09-08 16:29:31.194031170
6443,167.33524,265.75235,10070.658,154.87648,47.92923818468837,8.513236801100879,32,32,32,2021-09-08 16:31:15.580849103
6470,186.9326,248.78444,9354.073,254.38522,47.813337095515394,8.535346120521966,32,32,32,2021-09-08 16:32:55.089592389
6520,219.73694,222.93408,5970.2856,435.13577,47.660290116241086,8.343578425145763,32,32,32,2021-09-08 16:35:55.840141705
6528,174.09314,207.05917,5671.767,462.06174,47.63564950524952,8.333502403566744,32,32,32,2021-09-08 16:36:22.766106061
6599,137.28207,152.30139,1574.6138,718.3754,47.4836540222168,8.533982276916504,32,32,32,2021-09-08 16:40:39.079796246
6600,203.52965,295.0543,15125.686,0.009206831,48.18470437703557,8.646025098160306,33,33,33,2021-09-08 16:28:40.713575831
6618,184.99492,279.3067,13908.167,80.31293,48.0829670130876,8.609345453345627,33,33,33,2021-09-08 16:30:01.017296246
6647,186.87254,257.13568,12029.661,209.78267,47.923412158051576,8.612153885420117,33,33,33,2021-09-08 16:32:10.487038067
6661,208.79384,241.23228,10873.331,271.7182,47.85699635416776,8.579275475370663,33,33,33,2021-09-08 16:33:12.422569684
6671,247.35938,234.7482,9714.878,316.81604,47.82364429867296,8.527872200869476,33,33,33,2021-09-08 16:33:57.520409039
6691,238.80685,235.67339,7702.8633,406.42398,47.81298231658021,8.38687885639488,33,33,33,2021-09-08 16:35:27.128349713
6709,224.27608,213.04146,7332.15,486.24686,47.76160763688391,8.293344804655923,33,33,33,2021-09-08 16:36:46.951225689
6718,188.09734,210.05728,6971.524,527.19696,47.72684286709741,8.267890340769753,33,33,33,2021-09-08 16:37:27.901329449
6739,143.59088,204.29326,5461.554,620.026,47.64669586800489,8.321657101058324,33,33,33,2021-09-08 16:39:00.730369977
6799,137.26994,150.02528,1448.6698,888.3507,47.48360824584961,8.533982276916504,33,33,33,2021-09-08 16:43:29.055077008
6800,228.3194,343.49802,12874.637,-0.0007253885,47.999166446240984,8.721706250352225,34,34,34,2021-09-08 16:28:40.703643611
6812,212.96202,333.10358,12313.351,40.36062,47.95343443536057,8.658891689641735,34,34,34,2021-09-08 16:29:21.064987591
6862,219.04318,311.0862,9782.247,208.09242,47.74712850665206,8.48417656602221,34,34,34,2021-09-08 16:32:08.796791485
6874,251.5594,306.76587,8619.177,248.97173,47.71559347950171,8.41349871001076,34,34,34,2021-09-08 16:32:49.676094464
6889,245.79318,293.6704,7399.4307,299.17642,47.709825068164314,8.312825469532163,34,34,34,2021-09-08 16:33:39.880791119
6899,193.739,272.41486,6591.6987,332.91602,47.67426184256078,8.279306815898368,34,34,34,2021-09-08 16:34:13.620384625
6916,142.6323,251.02835,5204.964,389.8301,47.608766889628214,8.28490461770377,34,34,34,2021-09-08 16:35:10.534477643
6947,126.29077,175.63097,3715.3438,494.91843,47.56328157794501,8.420526431317887,34,34,34,2021-09-08 16:36:55.622795514
6999,137.01283,133.97273,1315.4803,669.2875,47.48368835449219,8.533905029296875,34,34,34,2021-09-08 16:39:49.991844586
7000,181.95406,310.06577,14309.288,0.010798931,48.12658601383049,8.451051186127126,35,35,35,2021-09-08 16:28:40.715167931
7071,186.29442,252.13931,9122.779,284.02032,47.75969787570511,8.538673216609665,35,35,35,2021-09-08 16:33:24.724693707
7079,260.29892,233.67146,8560.008,316.40707,47.737646179381876,8.501529150698776,35,35,35,2021-09-08 16:33:57.111442975
7103,245.17786,192.29556,6952.8955,412.84076,47.74527795872521,8.365047396070736,35,35,35,2021-09-08 16:35:33.545128277
7123,179.75426,188.70221,5582.396,492.68616,47.68632485783744,8.324111986881288,35,35,35,2021-09-08 16:36:53.390526227
7144,146.24883,197.76831,4537.4053,576.74603,47.61588228611625,8.360423902790856,35,35,35,2021-09-08 16:38:17.450401715
7199,137.24863,146.6183,1805.6046,798.06525,47.48374938964844,8.533771514892578,35,35,35,2021-09-08 16:41:58.769615582
7200,182.92245,323.26907,13032.6455,0.0073578954,48.18670263508653,8.605314416420262,36,36,36,2021-09-08 16:28:40.711726895
7268,198.37552,232.05171,9176.629,298.19006,47.81819292293902,8.543492697224844,36,36,36,2021-09-08 16:33:38.894432477
7278,245.5558,220.19456,8906.168,341.91895,47.78765723693913,8.496782093093133,36,36,36,2021-09-08 16:34:22.623314312
7301,237.34364,211.4309,8103.9316,442.6119,47.76840195368039,8.355007388280407,36,36,36,2021-09-08 16:36:03.316276959
7318,186.09943,217.50922,6441.7505,516.8422,47.707929129390585,8.298517911028197,36,36,36,2021-09-08 16:37:17.546593121
7339,146.4085,184.99922,4957.535,608.69073,47.629574256415594,8.348232527421452,36,36,36,2021-09-08 16:38:49.395103863
7399,137.23305,145.11923,1613.5363,872.9342,47.4836540222168,8.533982276916504,36,36,36,2021-09-08 16:43:13.638573102
7400,189.12718,324.80984,13141.235,0.005117595,48.12199938732746,8.49655078077103,37,37,37,2021-09-08 16:28:40.709486595
7429,170.19649,286.7671,11908.899,121.63102,47.95384615873841,8.500619567114105,37,37,37,2021-09-08 16:30:42.335388592
7473,190.92532,238.95007,9689.609,306.31732,47.737561566921144,8.596304947604997,37,37,37,2021-09-08 16:33:47.021690777
7480,252.89787,228.8987,9253.513,337.39514,47.71769062113652,8.560318403097714,37,37,37,2021-09-08 16:34:18.099510602
7507,244.12436,246.16444,5719.0605,448.83438,47.7023615337987,8.384656771459182,37,37,37,2021-09-08 16:36:09.538750104
7517,215.34215,233.66202,4895.957,491.5089,47.6707909843988,8.333797068135727,37,37,37,2021-09-08 16:36:52.213280133
7525,178.22063,213.84196,4642.194,524.07587,47.63962301301529,8.319604747482556,37,37,37,2021-09-08 16:37:24.780235699
7533,137.69916,195.5279,4449.3486,556.8234,47.612374822541376,8.33842657003204,37,37,37,2021-09-08 16:37:57.527794293
7599,137.18178,131.50052,1366.4321,835.9338,47.48402786254883,8.533489227294922,37,37,37,2021-09-08 16:42:36.638145855
7600,197.67229,332.90515,14875.255,-0.0029272437,48.21595272499525,8.701266726350587,38,38,38,2021-09-08 16:28:40.701441756
7613,183.61102,318.41458,13612.879,54.16914,48.13767148049048,8.674318293719024,38,38,38,2021-09-08 16:29:34.873508862
7630,179.22083,306.39987,11568.214,124.933136,48.03694199560721,8.68800647451628,38,38,38,2021-09-08 16:30:45.637504986
7667,202.67566,265.8359,9559.338,278.91302,47.83377101540813,8.670728143160632,38,38,38,2021-09-08 16:33:19.617393902
7679,238.8262,257.663,8539.355,328.99792,47.79363937955601,8.607122737350199,38,38,38,2021-09-08 16:34:09.702293805
7714,234.85686,247.9059,5729.536,474.64728,47.71638612592223,8.379303463951098,38,38,38,2021-09-08 16:36:35.351646832
7729,188.66095,215.69814,5403.176,537.29803,47.66428939889482,8.32316764282534,38,38,38,2021-09-08 16:37:38.002403668
7750,142.03964,192.74266,4360.5654,625.18604,47.594877544781575,8.383106225416984,38,38,38,2021-09-08 16:39:05.890404156
7799,137.1991,141.88765,1420.065,828.45496,47.483516693115234,8.534193992614746,38,38,38,2021-09-08 16:42:29.159325055
7800,198.96205,344.80832,12460.228,0.011657864,48.1570141802933,8.585298682524343,39,39,39,2021-09-08 16:28:40.716026864
7809,177.37924,337.7788,11682.529,38.161278,48.098507687222884,8.571418951446836,39,39,39,2021-09-08 16:29:18.865646771
7848,178.64822,269.5254,9306.413,203.36972,47.87004618417037,8.624621775268073,39,39,39,2021-09-08 16:32:04.074089459
7869,197.16072,236.0467,7958.2095,292.21777,47.77162681192794,8.596457233479573,39,39,39,2021-09-08 16:33:32.922142438
7875,247.28024,227.61304,7436.555,317.78116,47.75322935213659,8.569711205375926,39,39,39,2021-09-08 16:33:58.485527447
7910,246.81049,211.32349,5877.7427,466.67365,47.71835724922202,8.351382848589054,39,39,39,2021-09-08 16:36:27.378014020
7920,187.25049,201.31497,5725.6323,510.4911,47.68676101539604,8.317261079405505,39,39,39,2021-09-08 16:37:11.195457867
7940,144.67592,180.6049,4703.595,595.50366,47.61707058983247,8.346994829575399,39,39,39,2021-09-08 16:38:36.208031108
7999,137.2743,145.74878,1303.3806,843.74194,47.48345947265625,8.533905029296875,39,39,39,2021-09-08 16:42:44.446312359
800,184.9685,323.61002,13049.928,0.0026284456,48.136110395790666,8.600043442638967,4,4,4,2021-09-08 16:28:40.706997446
829,185.08553,308.58914,9722.402,102.0033,47.990901716049834,8.555000456780382,4,4,4,2021-09-08 16:30:22.707672528
869,198.35435,243.28618,8448.907,242.30249,47.8211601967024,8.558871800026823,4,4,4,2021-09-08 16:32:43.006859234
893,218.45909,251.51208,6726.0825,326.92935,47.73993176176277,8.485848939031454,4,4,4,2021-09-08 16:34:07.633720807
918,226.64417,238.53323,5365.985,415.55536,47.673909629081976,8.369394898708622,4,4,4,2021-09-08 16:35:36.259727887
927,186.59439,221.91542,5056.1904,447.35873,47.6445673153616,8.34817133523356,4,4,4,2021-09-08 16:36:08.063103131
941,142.9308,203.5883,4411.0713,496.14322,47.60050271990056,8.368797990456788,4,4,4,2021-09-08 16:36:56.847587994
999,137.27356,147.8969,1694.3285,700.181,47.483734130859375,8.533767700195312,4,4,4,2021-09-08 16:40:20.885399273
8000,207.4659,367.7387,14898.549,0.014126718,48.23464274910564,8.707489327152434,40,40,40,2021-09-08 16:28:40.718495718
8008,190.416,365.3328,13738.483,35.68226,48.178391614046056,8.678001018447324,40,40,40,2021-09-08 16:29:16.386627606
8049,186.25095,279.92096,10867.877,218.50569,47.90829219637912,8.65195305051929,40,40,40,2021-09-08 16:32:19.210060527
8071,198.58415,256.7222,9727.358,315.90945,47.791215829776824,8.61337537978179,40,40,40,2021-09-08 16:33:56.613823346
8111,233.95311,196.19073,6773.0225,493.61133,47.70379604789018,8.384489788780096,40,40,40,2021-09-08 16:36:54.315697125
8125,189.9513,168.13281,5576.206,556.64044,47.65795381026203,8.3472775628132,40,40,40,2021-09-08 16:37:57.344810895
8142,144.67711,132.64557,4025.7644,632.62286,47.60993218202223,8.368593915609633,40,40,40,2021-09-08 16:39:13.327232770
8199,137.4782,156.05182,1366.4622,886.737,47.48371505737305,8.533882141113281,40,40,40,2021-09-08 16:43:27.441368512
8200,214.95183,319.95844,14891.59,-0.001745224,48.110646519280294,8.71219688713245,41,41,41,2021-09-08 16:28:40.702623776
8209,198.58096,313.61646,14291.225,36.809116,48.06364149894763,8.675398900711,41,41,41,2021-09-08 16:29:17.513485364
8228,182.00554,297.9512,13207.652,114.83964,47.95709981411397,8.643311405985585,41,41,41,2021-09-08 16:30:35.544006756
8254,168.55615,295.04514,11055.059,221.7457,47.82002464591351,8.71196873456569,41,41,41,2021-09-08 16:32:22.450066021
8265,210.50592,287.81937,9992.705,266.27026,47.76302950237356,8.695093381322184,41,41,41,2021-09-08 16:33:06.974632672
8273,256.04715,273.03058,9309.392,299.43988,47.737920092245375,8.646515577528106,41,41,41,2021-09-08 16:33:40.144249371
8287,263.535,253.46877,8388.027,357.53238,47.745711400486265,8.544528994973145,41,41,41,2021-09-08 16:34:38.236748150
8312,252.02386,251.4926,5007.6294,459.27078,47.71630686391202,8.37846173697118,41,41,41,2021-09-08 16:36:19.975151471
8324,191.50005,236.69267,4138.2637,509.02005,47.67639071930697,8.326084709555133,41,41,41,2021-09-08 16:37:09.724419049
8346,144.27905,181.379,4283.7856,599.52405,47.600157529638714,8.372652763111983,41,41,41,2021-09-08 16:38:40.228416852
8399,137.1529,141.03537,1194.4468,817.1919,47.48360824584961,8.534052848815918,41,41,41,2021-09-08 16:42:17.896263531
8400,186.66296,325.97336,13279.95,0.0018638372,48.21149933049295,8.577015816464204,42,42,42,2021-09-08 16:28:40.706232837
8422,173.80908,260.04428,11846.659,97.38051,48.08093080889269,8.575231609400376,42,42,42,2021-09-08 16:30:18.084877423
8454,169.38368,230.5193,10701.836,239.1673,47.927245408290055,8.634774585135402,42,42,42,2021-09-08 16:32:39.871666363
8472,190.76375,200.39462,10310.533,318.57825,47.85051155752207,8.636660182041503,42,42,42,2021-09-08 16:33:59.282616070
8480,227.69409,199.7525,9580.229,355.69348,47.8224278349209,8.610335555593526,42,42,42,2021-09-08 16:34:36.397850445
8497,226.45395,228.39038,7479.984,428.94388,47.78686540877986,8.518935215545,42,42,42,2021-09-08 16:35:49.648247174
8512,230.42326,240.93877,6200.445,495.17166,47.72909042807511,8.454906588892348,42,42,42,2021-09-08 16:36:55.876030377
8525,232.52744,221.69247,5630.726,552.13135,47.71072794482445,8.371941193112479,42,42,42,2021-09-08 16:37:52.835716656
8541,183.63448,206.40427,4604.1567,624.37115,47.641557534281645,8.353212211050518,42,42,42,2021-09-08 16:39:05.075523785
8552,143.26375,195.73825,4077.383,673.2854,47.6007058495598,8.377189564345581,42,42,42,2021-09-08 16:39:53.989769391
8599,137.23378,141.91003,1344.0789,881.259,47.48374938964844,8.53391170501709,42,42,42,2021-09-08 16:43:21.963341168
8600,191.17496,281.82632,14612.644,0.01173836,48.13807761659103,8.544413933792034,43,43,43,2021-09-08 16:28:40.716107360
8661,196.54077,239.29881,10528.729,232.50784,47.846847253781974,8.532517430204582,43,43,43,2021-09-08 16:32:33.212212018
8687,219.33286,252.64584,7766.074,332.28513,47.75656435130216,8.43908399989598,43,43,43,2021-09-08 16:34:12.989494732
8708,226.18651,228.46786,6545.0215,412.76193,47.69908646490839,8.334324481562506,43,43,43,2021-09-08 16:35:33.466301373
8717,184.40729,194.8597,6369.5615,446.66956,47.670415154971586,8.313892227109912,43,43,43,2021-09-08 16:36:07.373924664
8739,144.37463,148.04594,5094.6772,530.362,47.61443443126203,8.351623704167658,43,43,43,2021-09-08 16:37:31.066368512
8799,137.42294,159.66394,1378.5585,759.4148,47.48402786254883,8.533489227294922,43,43,43,2021-09-08 16:41:20.119163922
8800,175.10677,313.26776,14513.344,0.005846083,48.12202835328617,8.384805128965361,44,44,44,2021-09-08 16:28:40.710215083
8815,171.68684,287.5522,13075.737,58.464455,48.04200806259315,8.389279171294698,44,44,44,2021-09-08 16:29:39.168823651
8872,184.27664,220.32585,8559.193,280.38864,47.79093436752048,8.45924728003511,44,44,44,2021-09-08 16:33:21.093010357
8883,230.08229,216.6549,7425.789,323.4666,47.7523109641172,8.434146428420426,44,44,44,2021-09-08 16:34:04.170982770
8904,222.54297,190.65582,6993.6577,407.07806,47.7241289037358,8.3290133911404,44,44,44,2021-09-08 16:35:27.782432965
8920,172.71263,210.04683,5563.4746,468.9828,47.669306770618235,8.320492158659622,44,44,44,2021-09-08 16:36:29.687157086
8941,143.66895,172.88268,4204.648,550.0657,47.60431799927891,8.373155337798881,44,44,44,2021-09-08 16:37:50.770042828
8999,137.3063,149.09215,1121.5592,776.7374,47.48377990722656,8.533699035644531,44,44,44,2021-09-08 16:41:37.441795758
9000,203.10107,337.7466,14849.806,-0.0054641366,48.06353230722786,8.755922795503166,45,45,45,2021-09-08 16:28:40.698904863
9014,214.55475,316.09454,13958.702,46.09668,48.000268997364934,8.71507177487184,45,45,45,2021-09-08 16:29:26.801048688
9056,220.2887,288.26654,10288.938,184.26637,47.8474398049061,8.541797416186403,45,45,45,2021-09-08 16:31:44.970741681
9074,216.90057,258.189,9370.451,243.90808,47.79915995523166,8.459276876477878,45,45,45,2021-09-08 16:32:44.612450055
9112,196.80069,213.34198,6245.241,368.69818,47.679382071860665,8.368749941190021,45,45,45,2021-09-08 16:34:49.402550152
9149,151.31403,203.3797,4000.732,490.74445,47.57145478163456,8.420132618772323,45,45,45,2021-09-08 16:36:51.448814801
9199,137.13724,130.56793,1371.8911,655.51086,47.48384094238281,8.533700942993164,45,45,45,2021-09-08 16:39:36.215233258
9200,202.06541,288.0454,14158.848,0.008808911,48.0067615309009,8.654057875942923,46,46,46,2021-09-08 16:28:40.713177911
9234,217.55392,271.62045,10884.305,130.50688,47.850950208824266,8.545919692061474,46,46,46,2021-09-08 16:30:51.211250714
9290,225.74196,237.9242,8043.683,344.72522,47.70141197712085,8.281774558803784,46,46,46,2021-09-08 16:34:25.429588727
9302,190.42384,227.47478,7206.464,391.56595,47.65666054348857,8.251671528486797,46,46,46,2021-09-08 16:35:12.270317486
9319,137.59924,189.34116,6482.94,456.34827,47.59773103359232,8.262527270420474,46,46,46,2021-09-08 16:36:17.052635602
9350,121.40228,181.81558,4072.4531,575.7464,47.57126089457078,8.405120544278969,46,46,46,2021-09-08 16:38:16.450767926
9399,137.1948,135.07573,1746.6129,761.64087,47.48332977294922,8.53391170501709,46,46,46,2021-09-08 16:41:22.345238141
9400,194.54791,283.45068,15072.651,0.00015875697,48.134309331903495,8.666615731775869,47,47,47,2021-09-08 16:28:40.704527757
9471,200.97464,201.66606,9276.933,300.44278,47.81516173492367,8.57559760675843,47,47,47,2021-09-08 16:33:41.147148541
9486,222.71957,196.14742,8102.736,363.83725,47.76538489023294,8.531364880894364,47,47,47,2021-09-08 16:34:44.541618756
9512,231.39706,185.05898,5805.542,474.62344,47.69764423923065,8.427486300390159,47,47,47,2021-09-08 16:36:35.327812604
9525,231.98398,171.94391,5200.7856,528.7625,47.68174830488676,8.368147063271344,47,47,47,2021-09-08 16:37:29.466881207
9534,188.67163,180.10468,4903.5317,568.49524,47.65259245572817,8.350345966325271,47,47,47,2021-09-08 16:38:09.199608258
9559,145.27872,195.04655,3880.1897,674.1444,47.57212202317569,8.414457309668881,47,47,47,2021-09-08 16:39:54.848778180
9599,137.28377,136.44418,1582.9501,840.7493,47.48388671875,8.53363037109375,47,47,47,2021-09-08 16:42:41.453697613
9600,207.28935,293.03607,14484.452,-0.007389307,48.111190021079004,8.65125102914453,48,48,48,2021-09-08 16:28:40.696979693
9631,182.20302,245.41568,13056.446,125.56549,47.97205555845944,8.558044539791922,48,48,48,2021-09-08 16:30:46.269859723
9659,160.60419,251.40536,11137.411,238.65675,47.849077004709734,8.603806077598852,48,48,48,2021-09-08 16:32:39.361122540
9673,160.8553,243.01134,9889.265,295.41446,47.79428644464384,8.655771997355387,48,48,48,2021-09-08 16:33:36.118828229
9680,196.42094,225.85426,9384.547,323.05814,47.76525833947554,8.653183446307432,48,48,48,2021-09-08 16:34:03.762504986
9699,227.02744,216.09566,7050.0645,400.87964,47.701594269088474,8.592808438774439,48,48,48,2021-09-08 16:35:21.584007672
9729,236.49896,203.73721,4026.9285,522.14575,47.647407061696114,8.434004304743004,48,48,48,2021-09-08 16:37:22.850120953
9740,189.71283,188.8321,3937.3848,565.8249,47.61572114852288,8.403341613871078,48,48,48,2021-09-08 16:38:06.529259137
9757,146.29977,170.29897,3504.4082,635.00916,47.56216959187826,8.429172439703077,48,48,48,2021-09-08 16:39:15.713524273
9799,137.11859,128.22945,1623.7871,804.2015,47.483734130859375,8.533836364746094,48,48,48,2021-09-08 16:42:04.905846051
9800,200.61963,351.48703,15175.848,0.0006400049,48.20231761384399,8.596254588321408,49,49,49,2021-09-08 16:28:40.705009005
9819,189.31853,346.60803,13697.396,68.12995,48.10033538733142,8.54306917537216,49,49,49,2021-09-08 16:29:48.834320477
9844,184.22919,327.6047,11657.83,157.89687,47.95947375928275,8.543315600428615,49,49,49,2021-09-08 16:31:18.601234845
9866,196.67195,270.9961,10716.228,237.16002,47.852770424155246,8.515821789632886,49,49,49,2021-09-08 16:32:37.864387921
9883,220.29843,239.21986,9393.051,298.2725,47.806315543427615,8.441354647504312,49,49,49,2021-09-08 16:33:38.976860455
9913,183.55995,231.08154,6642.8228,406.12515,47.70810264645348,8.366313878769766,49,49,49,2021-09-08 16:35:26.829521588
9943,153.21898,209.27226,4124.4844,512.519,47.60063440279899,8.380512802084578,49,49,49,2021-09-08 16:37:13.223350934
9999,137.27373,141.9834,1020.5642,714.2944,47.483551025390625,8.534042358398438,49,49,49,2021-09-08 16:40:34.998741559
1000,186.1876,322.36868,13687.518,0.004039645,48.11322866996492,8.490370395523838,5,5,5,2021-09-08 16:28:40.708408644
1014,181.12125,293.68427,12505.101,53.222233,48.03887810021705,8.476838315293765,5,5,5,2021-09-08 16:29:33.926601819
1054,177.76544,246.8326,9913.294,205.10965,47.85531545549194,8.501449539460504,5,5,5,2021-09-08 16:32:05.814018658
1071,185.00789,231.02644,8603.555,269.882,47.78740305557617,8.480998058167952,5,5,5,2021-09-08 16:33:10.586357525
1082,185.51086,221.20012,7422.4043,311.6178,47.744819899337095,8.49201828408586,5,5,5,2021-09-08 16:33:52.322166852
1105,227.85408,198.55367,6110.797,399.8277,47.699738084217245,8.390265011550268,5,5,5,2021-09-08 16:35:20.532066754
1123,185.07938,183.41544,5390.7075,467.53802,47.65289573442124,8.342689685935138,5,5,5,2021-09-08 16:36:28.242393902
1142,142.84825,178.32643,4126.2783,539.4003,47.59727292273434,8.375104857745734,5,5,5,2021-09-08 16:37:40.104698590
1199,137.24191,139.15086,1087.6708,757.6055,47.483795166015625,8.533771514892578,5,5,5,2021-09-08 16:41:18.309898785
10000,227.11224,347.41678,14200.502,3.0308962e-05,48.04595726456407,8.712337640291231,50,50,50,2021-09-08 16:28:40.704399309
10014,214.79793,345.02975,13054.9795,42.360363,47.998361314803454,8.6428264835921,50,50,50,2021-09-08 16:29:23.064732007
10034,203.77592,330.33176,11393.93,102.56787,47.915431173983954,8.578241565152206,50,50,50,2021-09-08 16:30:23.272240094
10077,206.47864,270.25528,9563.677,233.57924,47.74193340786697,8.515047138041568,50,50,50,2021-09-08 16:32:34.283607892
10118,192.67616,211.65388,5202.673,357.41797,47.637776816067394,8.384273094819687,50,50,50,2021-09-08 16:34:38.122337750
10140,147.72466,187.34898,3987.0454,423.81198,47.58032640130039,8.407305025733923,50,50,50,2021-09-08 16:35:44.516350201
10199,137.13358,138.28308,1488.9884,601.4217,47.48345947265625,8.534248352050781,50,50,50,2021-09-08 16:38:42.126060895
10200,210.14954,268.8732,13179.593,0.010777265,48.09928107463051,8.593795330630353,51,51,51,2021-09-08 16:28:40.715146265
10228,194.42964,280.30945,10938.3,106.76408,47.97783743635055,8.514232164205342,51,51,51,2021-09-08 16:30:27.468445233
10251,184.8264,271.28506,10346.368,193.98018,47.86635025297395,8.515245057678717,51,51,51,2021-09-08 16:31:54.684547833
10264,199.32526,249.4957,10223.825,243.51108,47.809715115056065,8.49270598323873,51,51,51,2021-09-08 16:32:44.215446880
10290,211.21269,211.89584,8562.305,344.69498,47.71673364010543,8.419899619631584,51,51,51,2021-09-08 16:34:25.399345807
10308,211.69447,201.88695,6854.918,412.42633,47.67410407997252,8.349240300619972,51,51,51,2021-09-08 16:35:33.130699566
10319,183.7128,185.15727,6001.592,453.43356,47.63895031316834,8.3372493714199,51,51,51,2021-09-08 16:36:14.137932232
10332,139.34402,167.64171,5076.9336,501.94574,47.60380177711158,8.357418011590772,51,51,51,2021-09-08 16:37:02.650108746
10399,137.41432,137.40273,1474.6964,758.0169,47.48386001586914,8.533689498901367,51,51,51,2021-09-08 16:41:18.721275738
10400,210.0817,323.82532,13702.584,0.0049371123,48.13877169636476,8.746864169330312,52,52,52,2021-09-08 16:28:40.709306112
10419,198.1176,323.3988,12417.004,72.289635,48.03516625224396,8.70735763214907,52,52,52,2021-09-08 16:29:52.994003705
10469,209.79396,233.95859,8531.463,262.28302,47.816984958699116,8.569934287342882,52,52,52,2021-09-08 16:33:02.987389020
10490,228.24307,224.21579,8418.696,342.93643,47.7556538438899,8.48484731996742,52,52,52,2021-09-08 16:34:23.640800885
10511,228.9003,218.96434,7153.129,421.41296,47.715162117639515,8.382085392812142,52,52,52,2021-09-08 16:35:42.117332867
10522,193.10265,215.37183,6380.887,464.63004,47.68065745799818,8.346902129162372,52,52,52,2021-09-08 16:36:25.334404400
10541,153.63393,225.63347,4943.968,536.3869,47.610205192366216,8.34524984737888,52,52,52,2021-09-08 16:37:37.091270855
10599,137.20023,136.6261,1916.6068,755.7348,47.4836540222168,8.533982276916504,52,52,52,2021-09-08 16:41:16.439171246
10600,202.59996,301.87662,13746.35,0.012765318,48.10370307890872,8.539302520422476,53,53,53,2021-09-08 16:28:40.717134318
10631,188.27321,304.89746,11694.467,107.74659,47.95817947414747,8.483689222883786,53,53,53,2021-09-08 16:30:28.450958661
10668,196.36293,256.57706,9328.73,236.53873,47.79204875359978,8.475900522189864,53,53,53,2021-09-08 16:32:37.243095807
10717,185.35588,221.71875,6741.2817,406.91135,47.657029640474185,8.30981395138988,53,53,53,2021-09-08 16:35:27.615715436
10731,138.95067,204.72708,5220.6665,456.11957,47.613468184246,8.336833287379903,53,53,53,2021-09-08 16:36:16.823936871
10799,137.39568,155.1752,1220.1466,690.87854,47.483367919921875,8.534248352050781,53,53,53,2021-09-08 16:40:11.582909039
10800,186.72662,309.4161,12105.275,0.009632885,48.087518803238446,8.547067720498028,54,54,54,2021-09-08 16:28:40.714001885
10857,193.09781,262.13315,9375.43,215.66046,47.80861877264769,8.434729131427432,54,54,54,2021-09-08 16:32:16.364830426
10876,198.74399,253.90477,8722.278,287.52707,47.72694169667026,8.446957554777425,54,54,54,2021-09-08 16:33:28.231438091
10898,234.47206,275.94678,6397.5493,371.2567,47.6895152453885,8.3090447507837,54,54,54,2021-09-08 16:34:51.961082866
10911,181.0184,238.94826,6058.6177,419.91205,47.64069391477992,8.270324734478308,54,54,54,2021-09-08 16:35:40.616417340
10925,132.54147,203.596,5534.0557,473.2574,47.59410022717694,8.303864645954379,54,54,54,2021-09-08 16:36:33.961754254
10951,127.49873,153.93658,3914.3577,569.42676,47.56831922314058,8.413729014369824,54,54,54,2021-09-08 16:38:10.131126812
10999,137.15758,139.80797,1556.7839,753.10834,47.48396301269531,8.533493041992188,54,54,54,2021-09-08 16:41:13.812706402
11000,178.22119,272.2043,12251.544,0.0006606281,48.11369274981946,8.411538894690331,55,55,55,2021-09-08 16:28:40.705029628
11044,190.80493,287.98804,10459.95,145.83417,47.93367235321387,8.389936563699912,55,55,55,2021-09-08 16:31:06.538536480
11080,200.13889,261.7625,8347.868,266.04477,47.79208725748573,8.304617373598727,55,55,55,2021-09-08 16:33:06.749138287
11092,173.06781,242.51204,7600.5977,305.31903,47.74749431000747,8.299875399422346,55,55,55,2021-09-08 16:33:46.023399762
11140,150.01945,205.77771,3846.1248,465.12256,47.59235819395847,8.381903072781528,55,55,55,2021-09-08 16:36:25.826927594
11199,137.06947,138.14717,1371.6559,661.092,47.483734130859375,8.533905029296875,55,55,55,2021-09-08 16:39:41.796348980
11200,205.81595,348.09467,12987.737,-0.0020142794,48.13339137431588,8.729182460401509,56,56,56,2021-09-08 16:28:40.702354721
11224,199.50648,276.81805,10747.941,93.22,48.003636632645744,8.683246901293018,56,56,56,2021-09-08 16:30:13.924370221
11249,196.99658,252.39363,9588.932,190.4658,47.9033789092182,8.602478987747686,56,56,56,2021-09-08 16:31:51.170174054
11285,206.52449,246.15027,7505.891,330.5281,47.74850981696361,8.56041782484228,56,56,56,2021-09-08 16:34:11.232475689
11329,194.96455,193.17369,5076.1245,501.78348,47.653177620957,8.356898326198406,56,56,56,2021-09-08 16:37:02.487846783
11352,145.38194,171.26393,4183.0063,592.54016,47.58492618808818,8.399082241046232,56,56,56,2021-09-08 16:38:33.244530133
11399,137.24985,147.25647,1360.7367,774.1687,47.483516693115234,8.534193992614746,56,56,56,2021-09-08 16:41:34.873070172
11400,178.98848,277.0863,12397.484,0.002002269,48.15694156971077,8.499306789816567,57,57,57,2021-09-08 16:28:40.706371269
11415,168.28444,279.9393,11408.803,62.611893,48.0779463381262,8.509023296745589,57,57,57,2021-09-08 16:29:43.316261700
11445,164.46971,262.63672,9888.55,187.5731,47.92712497319941,8.585025315592464,57,57,57,2021-09-08 16:31:48.277473858
11465,185.67706,230.1658,8806.276,271.3115,47.83456339890286,8.607748907735859,57,57,57,2021-09-08 16:33:12.015861920
11490,219.47734,200.11024,8025.6807,376.09863,47.74405735110579,8.543148620566662,57,57,57,2021-09-08 16:34:56.803001812
11513,221.20984,209.99112,6705.4106,472.7498,47.70741826341733,8.421465494920886,57,57,57,2021-09-08 16:36:33.454155377
11538,180.17683,172.81407,5514.976,575.72064,47.62555503093512,8.372070213976619,57,57,57,2021-09-08 16:38:16.425011090
11552,143.39723,175.24806,4313.892,635.03827,47.582699219582885,8.401029090323298,57,57,57,2021-09-08 16:39:15.742638043
11599,137.23265,135.50583,1731.0841,831.9703,47.48390579223633,8.533655166625977,57,57,57,2021-09-08 16:42:32.674644879
11600,177.20093,287.61108,14705.301,0.0041652024,48.164900586515635,8.508302566903867,58,58,58,2021-09-08 16:28:40.708534202
11640,169.46265,255.66705,11359.866,165.43756,47.961804033322245,8.554126353473768,58,58,58,2021-09-08 16:31:26.141930035
11662,170.00478,262.33493,10305.8125,255.27141,47.8598103923832,8.600311441993842,58,58,58,2021-09-08 16:32:55.975777081
11671,193.51381,258.12567,9652.993,291.69556,47.81668151585312,8.59749979728618,58,58,58,2021-09-08 16:33:32.399925641
11684,241.88322,247.20807,8956.834,346.0151,47.7680175726657,8.543233522482076,58,58,58,2021-09-08 16:34:26.719475201
11710,234.76254,246.8728,7284.419,454.17133,47.73847593766601,8.371591039057593,58,58,58,2021-09-08 16:36:14.875694684
11727,180.33795,228.98836,5969.9834,523.42474,47.674196213969736,8.318053277015233,58,58,58,2021-09-08 16:37:24.129112652
11749,142.73665,187.78616,4358.3813,612.7963,47.601297803615104,8.37812130052353,58,58,58,2021-09-08 16:38:53.500694684
11799,137.3636,148.59451,1392.9147,819.61053,47.483516693115234,8.534123420715332,58,58,58,2021-09-08 16:42:20.314903668
11800,198.96138,320.30533,14283.813,0.004302144,48.06178370583159,8.564073536348753,59,59,59,2021-09-08 16:28:40.708671144
11854,206.44543,253.70734,10047.307,200.74863,47.797275287380465,8.495250556078215,59,59,59,2021-09-08 16:32:01.452995709
11870,249.95508,231.38092,8947.699,259.8495,47.75242831396205,8.427816906720352,59,59,59,2021-09-08 16:33:00.553856305
11889,240.45647,231.62909,7712.498,330.17065,47.75700315828514,8.321871758296156,59,59,59,2021-09-08 16:34:10.875023297
11907,182.9579,226.93958,6268.9404,396.74268,47.69539660084799,8.281111602822707,59,59,59,2021-09-08 16:35:17.447044781
11927,141.3701,219.07275,4999.0312,470.79605,47.6239477950147,8.316883657153078,59,59,59,2021-09-08 16:36:31.500420025
11999,137.08604,142.48708,1686.8242,738.3441,47.483516693115234,8.534193992614746,59,59,59,2021-09-08 16:40:59.048485211
1200,202.47351,302.87027,13238.438,0.003801614,48.149270937626284,8.764917491759347,6,6,6,2021-09-08 16:28:40.708170614
1236,189.90756,286.2005,9845.218,151.49205,47.94589459172033,8.726078749974212,6,6,6,2021-09-08 16:31:12.196419171
1268,204.96576,247.95999,8678.019,286.31192,47.787980300689725,8.664185767933374,6,6,6,2021-09-08 16:33:27.016289166
1274,245.86322,241.59921,8460.434,311.46594,47.76993319817378,8.633382732749974,6,6,6,2021-09-08 16:33:52.170311383
1306,239.84306,222.90681,6718.578,446.6683,47.73035070266226,8.42394707449487,6,6,6,2021-09-08 16:36:07.372673443
1330,194.64001,181.35478,5024.332,547.47327,47.654274048163394,8.35317621073579,6,6,6,2021-09-08 16:37:48.177635602
1346,145.4287,185.84393,4198.889,614.9428,47.60093672469798,8.375223611360253,6,6,6,2021-09-08 16:38:55.647179059
1399,137.12834,136.24826,1667.9977,836.03186,47.48396301269531,8.533561706542969,6,6,6,2021-09-08 16:42:36.736229352
12000,185.4602,345.2506,14429.259,-0.0028817654,48.20486422541012,8.650595851808403,60,60,60,2021-09-08 16:28:40.701487235
12015,192.21663,337.4602,12646.926,55.007847,48.11915815510138,8.639110510343782,60,60,60,2021-09-08 16:29:35.712215832
12047,196.39174,274.638,10777.2,172.47641,47.96581576382634,8.553949864868338,60,60,60,2021-09-08 16:31:33.180778912
12073,200.7448,282.53836,8528.642,267.82794,47.84654357533761,8.524118460175078,60,60,60,2021-09-08 16:33:08.532310895
12113,217.84818,251.38115,6288.2354,414.3315,47.7067043072988,8.358366567932913,60,60,60,2021-09-08 16:35:35.035881451
12125,186.95123,239.30421,5500.3994,458.37494,47.66018779748556,8.335822920726706,60,60,60,2021-09-08 16:36:19.079307965
12139,143.38812,220.40726,4689.8687,509.32373,47.60928523254195,8.348607308595408,60,60,60,2021-09-08 16:37:10.028099469
12199,137.16888,145.34387,1582.6139,728.47455,47.4833984375,8.534271240234375,60,60,60,2021-09-08 16:40:49.178917340
12200,183.96065,361.88782,16038.342,0.0053451657,48.05821670581358,8.634806906083776,61,61,61,2021-09-08 16:28:40.709714166
12222,195.51521,346.45398,12846.941,73.969925,47.93791230902759,8.625936430861286,61,61,61,2021-09-08 16:29:54.674293927
12263,204.0059,265.88077,10029.184,212.4164,47.764756129613275,8.510722805923457,61,61,61,2021-09-08 16:32:13.120766095
12277,226.19308,241.77333,9191.885,259.76788,47.719784108811986,8.465069093436945,61,61,61,2021-09-08 16:33:00.472252301
12298,222.43483,229.9157,6738.759,329.99158,47.678953302964494,8.373060920765349,61,61,61,2021-09-08 16:34:10.695946148
12315,187.8792,192.80556,5527.2446,387.72513,47.62859124816381,8.336272296396558,61,61,61,2021-09-08 16:35:08.429497174
12330,137.24858,152.82191,5292.757,439.14246,47.592618972805944,8.35449343886638,61,61,61,2021-09-08 16:35:59.846825055
12351,130.92143,173.65553,3827.4546,508.8749,47.56476436692249,8.421065991029074,61,61,61,2021-09-08 16:37:09.579277447
12399,137.22682,142.7072,1675.4773,669.0433,47.48345947265625,8.534248352050781,61,61,61,2021-09-08 16:39:49.747642926
12400,195.20787,306.6488,14573.332,0.003733337,48.11794151387319,8.656331146519424,62,62,62,2021-09-08 16:28:40.708102337
12456,209.551,260.87616,11020.105,218.87527,47.858678716008974,8.56885603332745,62,62,62,2021-09-08 16:32:19.579643658
12484,229.90175,254.95148,9575.32,328.3263,47.763199870552164,8.438846527289671,62,62,62,2021-09-08 16:34:09.030662945
12502,240.61125,241.76654,7933.3804,399.1607,47.73341774348008,8.328234315576136,62,62,62,2021-09-08 16:35:19.865074566
12511,193.93695,225.46753,6887.2266,433.38126,47.70489316449761,8.297171530995085,62,62,62,2021-09-08 16:35:54.085625104
12555,144.48427,182.56805,3841.09,606.1242,47.574444070356826,8.41269213211634,62,62,62,2021-09-08 16:38:46.828575543
12599,137.21672,137.95215,1372.5844,778.5867,47.48350524902344,8.5341796875,62,62,62,2021-09-08 16:41:39.291038922
12600,196.10371,300.29785,12589.622,-0.003326416,48.15600473053534,8.640543426324351,63,63,63,2021-09-08 16:28:40.701042584
12621,179.43863,274.9866,12305.128,84.74792,48.048355606315916,8.603895434140483,63,63,63,2021-09-08 16:30:05.452286175
12657,169.26215,272.05826,10753.104,230.79312,47.8715258224495,8.671999516456694,63,63,63,2021-09-08 16:32:31.497490338
12667,198.94073,256.8481,10335.37,270.9153,47.823658477085736,8.665823619885398,63,63,63,2021-09-08 16:33:11.619682721
12678,238.92621,239.25977,9646.314,315.9801,47.78402207785124,8.620427285517042,63,63,63,2021-09-08 16:33:56.684471539
12695,251.46452,223.69432,8062.1646,384.0633,47.77128033783097,8.516117346197113,63,63,63,2021-09-08 16:35:04.767662457
12710,228.66298,214.59796,6417.9595,444.45148,47.73949766188298,8.441039856781059,63,63,63,2021-09-08 16:36:05.155846051
12736,187.44856,229.78514,4412.8193,550.1162,47.64423154224588,8.368318358027237,63,63,63,2021-09-08 16:37:50.820579938
12753,146.72871,214.14311,3924.4565,618.72064,47.57949786249845,8.406041953481205,63,63,63,2021-09-08 16:38:59.425011090
12799,136.85947,123.77985,1483.3326,806.08295,47.48384094238281,8.533700942993164,63,63,63,2021-09-08 16:42:06.787315777
12800,193.18845,367.23276,16520.383,-0.0048367977,48.25301929452906,8.658923165571057,64,64,64,2021-09-08 16:28:40.699532202
12819,195.50273,323.73026,15066.18,74.8829,48.141784698009225,8.599695344700166,64,64,64,2021-09-08 16:29:55.587265423
12852,192.19987,293.48984,11258.144,205.22015,47.9640850875847,8.543850261246975,64,64,64,2021-09-08 16:32:05.924522809
12878,195.95866,254.8501,8784.198,307.24548,47.83555181066909,8.537747528959645,64,64,64,2021-09-08 16:33:47.949852398
12906,216.81241,238.50833,6132.928,417.63977,47.74597573301715,8.416216417697909,64,64,64,2021-09-08 16:35:38.344139508
12925,187.43013,204.47025,5464.9546,491.7477,47.67536364906743,8.376266185243066,64,64,64,2021-09-08 16:36:52.452080182
12950,151.25252,182.75037,4233.1147,590.8889,47.59087772829389,8.39407283473823,64,64,64,2021-09-08 16:38:31.593285016
12999,137.21793,143.67606,1716.3744,783.90735,47.483699798583984,8.533899307250977,64,64,64,2021-09-08 16:41:44.611717633
13000,196.23433,287.84085,13698.337,0.0071095526,48.17153248277362,8.6283858571666,65,65,65,2021-09-08 16:28:40.711478553
13073,193.4799,242.4229,9824.072,272.1596,47.826183858316725,8.599982385944301,65,65,65,2021-09-08 16:33:12.863975934
13092,220.90555,240.60883,8873.229,343.76843,47.75839853353908,8.539090405997806,65,65,65,2021-09-08 16:34:24.472801617
13120,217.88005,224.36108,6825.394,450.05655,47.68439565612118,8.414903742091804,65,65,65,2021-09-08 16:36:10.760918072
13139,186.85278,207.29468,4808.264,519.2301,47.61897424114291,8.38253213436603,65,65,65,2021-09-08 16:37:19.934471539
13150,142.33582,199.10048,4312.792,564.54834,47.58150746310366,8.407108950438689,65,65,65,2021-09-08 16:38:05.252708844
13199,137.30014,150.04794,1583.5083,742.9261,47.47550964355469,8.54856014251709,65,65,65,2021-09-08 16:41:03.630455426
13200,220.82556,354.02277,15648.258,-0.0035826564,48.13190839435062,8.813110486181303,66,66,66,2021-09-08 16:28:40.700786344
13223,197.12755,315.787,13438.219,93.67266,48.007761669639486,8.70456920928871,66,66,66,2021-09-08 16:30:14.377029828
13275,209.27962,244.78859,9252.964,305.89496,47.76082826379298,8.651842877978833,66,66,66,2021-09-08 16:33:46.599327496
13288,253.53854,239.27516,7910.0757,357.99466,47.728285341606195,8.583763688935019,66,66,66,2021-09-08 16:34:38.699028424
13311,245.85152,228.69351,6066.115,452.11627,47.72253888375594,8.434821944981783,66,66,66,2021-09-08 16:36:12.820640973
13330,199.24477,203.62762,5253.5713,529.5346,47.66324755371103,8.365694792005737,66,66,66,2021-09-08 16:37:30.238975934
13352,148.6289,194.27444,4075.9846,619.47516,47.58530321121885,8.399640539595495,66,66,66,2021-09-08 16:39:00.179527691
13399,137.22702,137.50708,1510.6118,809.67535,47.48356246948242,8.534052848815918,66,66,66,2021-09-08 16:42:10.379723004
13400,194.24756,293.25995,13308.528,0.0015423894,48.13140516628293,8.653064181906544,67,67,67,2021-09-08 16:28:40.705911389
13420,184.1194,262.1217,11687.712,84.27878,48.025813578884616,8.626156972251344,67,67,67,2021-09-08 16:30:04.983147076
13441,186.93939,245.91771,10423.528,172.50806,47.92361360717148,8.632422111898366,67,67,67,2021-09-08 16:31:33.212425641
13461,193.96817,240.41866,9912.939,257.0519,47.83759745704615,8.579811249564685,67,67,67,2021-09-08 16:32:57.756279400
13475,199.47401,234.43114,8859.062,315.65244,47.77374545047861,8.579117044624734,67,67,67,2021-09-08 16:33:56.356804303
13483,242.02818,226.98076,8171.49,349.78912,47.7491631252462,8.541921744777225,67,67,67,2021-09-08 16:34:30.493492535
13513,237.75566,212.13812,5619.14,475.6158,47.69989588036213,8.373260005589765,67,67,67,2021-09-08 16:36:36.320183209
13524,187.75404,222.184,4736.329,521.226,47.666375300521146,8.332733125191087,67,67,67,2021-09-08 16:37:21.930382184
13541,145.58488,199.639,4158.584,592.5412,47.60108478370515,8.370375307026713,67,67,67,2021-09-08 16:38:33.245567730
13599,137.03741,128.10326,1476.9904,838.3265,47.483489990234375,8.534212112426758,67,67,67,2021-09-08 16:42:39.030846051
13600,200.96454,332.6572,12574.672,0.0013761818,48.177499631154056,8.610957386204301,68,68,68,2021-09-08 16:28:40.705745182
13615,181.04633,321.4941,11481.318,58.495888,48.09294146575218,8.580695021608339,68,68,68,2021-09-08 16:29:39.200256756
13648,176.36761,266.38483,10474.616,187.28275,47.921839127520286,8.61327529628502,68,68,68,2021-09-08 16:31:47.987114361
13670,199.2997,254.89346,8659.016,274.09995,47.81978128557287,8.601440249139852,68,68,68,2021-09-08 16:33:14.804314068
13685,241.58029,243.52142,7608.942,331.63297,47.773284133869694,8.534714252690822,68,68,68,2021-09-08 16:34:12.337334088
13709,238.17667,235.79256,6548.2485,425.3324,47.74748285626949,8.390889877427654,68,68,68,2021-09-08 16:35:46.036766461
13725,184.99773,246.34279,5564.554,486.74185,47.69531844887342,8.331580953946128,68,68,68,2021-09-08 16:36:47.446220807
13743,151.14589,224.4557,4961.0435,557.58685,47.620386704489654,8.350275091208651,68,68,68,2021-09-08 16:37:58.291222027
13799,137.21938,144.19156,1428.9756,777.63324,47.48359680175781,8.533973693847656,68,68,68,2021-09-08 16:41:38.337608746
13800,191.81732,315.46136,14216.675,-0.00745219,48.1420158758363,8.63818389261682,69,69,69,2021-09-08 16:28:40.696916810
13814,179.39577,288.465,13656.908,53.216553,48.06901127672639,8.62620704934217,69,69,69,2021-09-08 16:29:33.920921734
13875,195.88884,261.26627,9106.884,285.1122,47.777845516601516,8.64595897807866,69,69,69,2021-09-08 16:33:25.816582135
13881,237.18521,252.94469,8691.719,307.08698,47.75862128147924,8.621905354183447,69,69,69,2021-09-08 16:33:47.791344098
13896,247.94977,250.80466,6922.736,364.45642,47.74321128746917,8.526463074931398,69,69,69,2021-09-08 16:34:45.160789898
13912,232.99553,222.054,5538.166,424.66794,47.70731634425147,8.445352139770351,69,69,69,2021-09-08 16:35:45.372307232
13933,188.5626,208.42926,4760.406,505.01868,47.641856283902676,8.389942286959132,69,69,69,2021-09-08 16:37:05.723045758
13953,150.2105,210.45865,3826.8186,581.7169,47.570911839882726,8.420244589115848,69,69,69,2021-09-08 16:38:22.421287945
13999,136.87271,122.36748,1602.6936,755.5007,47.48359680175781,8.534042358398438,69,69,69,2021-09-08 16:41:16.205040387
1400,176.15182,281.1124,15157.596,0.0025229454,48.22598918210853,8.476434701184584,7,7,7,2021-09-08 16:28:40.706891945
1418,173.76701,286.35565,13369.937,85.08484,48.11805483691239,8.508702481102594,7,7,7,2021-09-08 16:30:05.789207867
1435,170.1483,266.3499,12278.123,165.47603,48.016439407351506,8.506606928385205,7,7,7,2021-09-08 16:31:26.180397442
1454,162.13794,235.66458,11252.333,255.38321,47.92175313873776,8.566243219971769,7,7,7,2021-09-08 16:32:56.087578229
1462,188.52054,227.14886,10486.777,293.2412,47.882271130283236,8.569910170318549,7,7,7,2021-09-08 16:33:33.945579938
1472,224.80486,222.49492,9466.715,340.67242,47.839317601688826,8.538145651362179,7,7,7,2021-09-08 16:34:21.376793316
1506,222.85207,190.77837,7248.5884,501.36453,47.75181818231086,8.353620422492645,7,7,7,2021-09-08 16:37:02.068901471
1523,177.74152,175.44867,6241.034,582.4039,47.68912100576467,8.32273713309434,7,7,7,2021-09-08 16:38:23.108238629
1549,145.24716,172.4773,4437.562,704.9513,47.601955640002735,8.379124707158427,7,7,7,2021-09-08 16:40:25.655662945
1599,137.41664,131.4635,1439.6649,941.3439,47.48368835449219,8.533905029296875,7,7,7,2021-09-08 16:44:22.048241070
14000,204.75873,330.40576,14058.726,0.004650235,48.146140491217245,8.572090785125852,70,70,70,2021-09-08 16:28:40.709019235
14024,185.72244,316.88245,12698.859,91.07845,48.01906498337538,8.50997809112355,70,70,70,2021-09-08 16:30:11.782822064
14059,197.53777,267.60376,10141.688,223.57962,47.842729708034284,8.537150195332103,70,70,70,2021-09-08 16:32:24.283989361
14079,219.43814,241.07661,8120.59,299.48035,47.76856809669885,8.466133459883363,70,70,70,2021-09-08 16:33:40.184715680
14099,219.48793,235.75172,5835.8784,375.63525,47.71605326171859,8.374244877407811,70,70,70,2021-09-08 16:34:56.339622906
14118,186.83127,221.22047,4078.2515,446.90613,47.65135715803932,8.3168928390175,70,70,70,2021-09-08 16:36:07.610496930
14136,139.87651,172.85765,3981.5986,516.19495,47.59907955985989,8.362474396037069,70,70,70,2021-09-08 16:37:16.899315289
14199,137.22485,138.63841,1305.4663,755.0599,47.48374938964844,8.533842086791992,70,70,70,2021-09-08 16:41:15.764244488
14200,185.40251,361.57663,14880.556,0.00044339895,48.15448036024266,8.569992568084627,71,71,71,2021-09-08 16:28:40.704812399
14261,193.93944,262.81018,10118.801,226.90602,47.82921541690929,8.590078497643448,71,71,71,2021-09-08 16:32:27.610390118
14309,218.89185,209.8955,5711.3125,405.6996,47.69333972974099,8.38952378008986,71,71,71,2021-09-08 16:35:26.403953961
14326,182.06079,180.80618,4665.3184,469.0203,47.64032368942144,8.368247130181398,71,71,71,2021-09-08 16:36:29.724663189
14351,145.72223,156.45955,3638.0835,561.1952,47.57672280802345,8.407948821071868,71,71,71,2021-09-08 16:38:01.899559430
14399,137.1487,142.50238,1238.9987,741.207,47.48387145996094,8.533699035644531,71,71,71,2021-09-08 16:41:01.911339215
14400,184.13852,338.31793,14216.17,0.008575857,48.15569438699046,8.49870146412989,72,72,72,2021-09-08 16:28:40.712944857
14412,161.06572,334.8489,13100.489,51.1494,48.078092984241806,8.508818380268956,72,72,72,2021-09-08 16:29:31.853767804
14446,153.90285,285.94138,11595.183,196.17444,47.90126161934633,8.66816970280942,72,72,72,2021-09-08 16:31:56.878807477
14465,177.0014,272.33414,9849.741,277.12448,47.80178885211342,8.705542328987626,72,72,72,2021-09-08 16:33:17.828850201
14473,203.55365,261.53223,9164.905,311.54556,47.76067217958879,8.696623264956852,72,72,72,2021-09-08 16:33:52.249931744
14482,239.94023,249.61815,8729.759,348.6597,47.72953065994284,8.653446630399793,72,72,72,2021-09-08 16:34:29.364067486
14490,271.57803,248.10114,8361.146,386.2062,47.721197596418705,8.59237003737785,72,72,72,2021-09-08 16:35:06.910576275
14507,259.12317,261.7916,7089.9688,456.74878,47.73663574293854,8.47320956859598,72,72,72,2021-09-08 16:36:17.453148297
14531,203.12119,201.78497,5973.178,559.46295,47.6768683368675,8.33788320675998,72,72,72,2021-09-08 16:38:00.167320660
14553,145.8173,184.47037,4423.543,652.51544,47.6017246733876,8.37751712152526,72,72,72,2021-09-08 16:39:33.219810895
14599,137.36778,156.70848,1647.015,849.0523,47.4840087890625,8.533012390136719,72,72,72,2021-09-08 16:42:49.756676129
14600,190.64717,310.18362,15714.173,0.0056780577,48.12586053308505,8.49544213957171,73,73,73,2021-09-08 16:28:40.710047058
14614,163.55452,322.00168,14427.456,50.741657,48.05387173147915,8.496716851943685,73,73,73,2021-09-08 16:29:31.446026257
14643,156.97061,302.40295,12374.539,155.67563,47.91806802731352,8.603379649260074,73,73,73,2021-09-08 16:31:16.379997662
14655,189.47232,275.38193,12027.986,199.7546,47.86142660468417,8.613277605451925,73,73,73,2021-09-08 16:32:00.458961896
14672,223.62532,252.5442,11064.368,261.04572,47.79150959232675,8.578806831030052,73,73,73,2021-09-08 16:33:01.750084332
14687,245.74428,237.32547,10080.004,316.16183,47.775204695665224,8.491913712897407,73,73,73,2021-09-08 16:33:56.866203717
14706,216.8626,225.10498,7984.0967,385.0959,47.73409615167235,8.405127588362086,73,73,73,2021-09-08 16:35:05.800255230
14740,178.37903,194.06204,4638.939,510.167,47.6181721826793,8.362956748578952,73,73,73,2021-09-08 16:37:10.871361188
14799,137.27531,152.12395,874.92725,722.2397,47.483642578125,8.533973693847656,73,73,73,2021-09-08 16:40:42.944054059
14800,181.49847,306.51157,14384.169,0.0033856928,48.17493981043137,8.520154546924928,74,74,74,2021-09-08 16:28:40.707754693
14811,162.50984,293.1696,13945.817,45.93302,48.112850163859676,8.531622244890519,74,74,74,2021-09-08 16:29:26.637390545
14844,156.94121,253.93591,13099.786,183.65283,47.96056000984302,8.643517074732587,74,74,74,2021-09-08 16:31:44.357201031
14857,188.35965,245.12251,11770.525,237.95364,47.90014097453571,8.660275480189327,74,74,74,2021-09-08 16:32:38.658012799
14866,226.42758,236.02275,10626.859,275.5485,47.865281210678255,8.629608942648638,74,74,74,2021-09-08 16:33:16.252861432
14890,231.31134,222.29271,7858.434,376.40506,47.806381000325175,8.497983737235145,74,74,74,2021-09-08 16:34:57.109428814
14915,223.03777,203.98268,5892.648,480.36163,47.73518966559497,8.392914671503052,74,74,74,2021-09-08 16:36:41.066002301
14929,179.60373,208.68916,4793.3774,538.53284,47.6853737386472,8.363858462599213,74,74,74,2021-09-08 16:37:39.237205914
14952,151.64853,192.14536,3910.1187,635.3526,47.59923904484838,8.383664257677298,74,74,74,2021-09-08 16:39:16.056969098
14999,137.18292,143.24957,1195.9457,832.47455,47.483577728271484,8.534127235412598,74,74,74,2021-09-08 16:42:33.178917340
15000,221.3462,297.5416,14732.553,0.009329319,48.15691854397971,8.754733848663655,75,75,75,2021-09-08 16:28:40.713698319
15012,205.8322,287.4581,13475.417,55.94025,48.09697454202792,8.689172012942185,75,75,75,2021-09-08 16:29:36.644619397
15024,185.75716,272.94635,12508.843,112.04432,48.027217630185085,8.663491020287863,75,75,75,2021-09-08 16:30:32.748688153
15034,167.6828,257.98044,12163.095,158.54538,47.9712954366513,8.66890945190412,75,75,75,2021-09-08 16:31:19.249748639
15056,170.26868,243.80222,11796.143,261.68094,47.85987010315757,8.722031828266994,75,75,75,2021-09-08 16:33:02.385307721
15068,210.84526,242.49629,11109.793,317.64334,47.7995703062122,8.709952874235979,75,75,75,2021-09-08 16:33:58.347710064
15083,263.00732,251.88402,9781.669,387.22668,47.766086037068334,8.60779567697982,75,75,75,2021-09-08 16:35:07.931053570
15107,257.0508,240.3366,8514.362,500.20706,47.78064686782288,8.420219488177308,75,75,75,2021-09-08 16:37:00.911430768
15117,227.97003,227.2169,7865.904,546.43384,47.7551750053555,8.358309728741602,75,75,75,2021-09-08 16:37:47.138206891
15126,193.0611,216.74568,7132.018,588.4716,47.718691028747024,8.327853873269294,75,75,75,2021-09-08 16:38:29.175987652
15145,149.63318,204.61134,5250.938,676.2599,47.636847511919505,8.345754788603136,75,75,75,2021-09-08 16:39:56.964256694
15199,137.44049,148.27715,1649.2076,928.3249,47.48356246948242,8.534123420715332,75,75,75,2021-09-08 16:44:09.029259137
15200,184.69365,251.64937,14864.261,-0.0013794303,48.131447937549886,8.704985467129044,76,76,76,2021-09-08 16:28:40.702989570
15227,177.95479,252.48477,12363.938,113.16226,48.00451910106105,8.684689656684913,76,76,76,2021-09-08 16:30:33.866630963
15271,178.74605,254.92924,10292.032,297.18875,47.79402332107438,8.733373689675885,76,76,76,2021-09-08 16:33:37.893120221
15283,207.35983,268.10358,9313.973,347.8818,47.73625236459911,8.709133130058833,76,76,76,2021-09-08 16:34:28.586174420
15297,251.94148,284.86426,8191.671,406.04193,47.6888993964017,8.629179690811629,76,76,76,2021-09-08 16:35:26.746300152
15320,266.11728,272.65738,6651.017,503.44156,47.70790806040532,8.447673892376049,76,76,76,2021-09-08 16:37:04.145927838
15331,238.92448,257.75345,5743.7095,549.8404,47.68584960042224,8.371488588321906,76,76,76,2021-09-08 16:37:50.544762066
15339,194.16858,244.45584,5141.209,582.0597,47.65700756045759,8.340149216057592,76,76,76,2021-09-08 16:38:22.764061383
15350,144.11371,229.51651,4678.273,630.05756,47.60922146744521,8.363692646807516,76,76,76,2021-09-08 16:39:10.761925152
15399,137.18573,150.11261,1839.4535,832.1242,47.48350524902344,8.5341796875,76,76,76,2021-09-08 16:42:32.828575543
15400,193.3427,321.6802,13713.639,0.0032025874,48.14394818210856,8.65793447018993,77,77,77,2021-09-08 16:28:40.707571587
15419,188.48007,296.6591,12083.986,79.54002,48.031919812246436,8.641061299481398,77,77,77,2021-09-08 16:30:00.244392804
15473,206.1775,238.24947,8876.625,305.65335,47.75993493086021,8.553233729996725,77,77,77,2021-09-08 16:33:46.357719830
15488,251.49814,233.8547,8674.458,368.23343,47.71880375039304,8.477644500007612,77,77,77,2021-09-08 16:34:48.937797955
15511,249.4058,230.77165,7162.0107,464.64035,47.71325967041585,8.324131168513915,77,77,77,2021-09-08 16:36:25.344719342
15524,189.79608,211.15681,6503.8433,519.8761,47.67083022152669,8.275976483880001,77,77,77,2021-09-08 16:37:20.580467633
15532,140.43976,205.90189,6073.9565,552.9011,47.64178479011644,8.288757505779913,77,77,77,2021-09-08 16:37:53.605492047
15599,137.24506,142.53711,1541.434,833.21655,47.483699798583984,8.533842086791992,77,77,77,2021-09-08 16:42:33.920921734
15600,201.28238,354.36972,12959.986,-4.1782856e-05,48.10840898512826,8.586200836417131,78,78,78,2021-09-08 16:28:40.704327217
15657,198.16681,247.21176,10310.31,187.53838,47.87795650221695,8.465008096728031,78,78,78,2021-09-08 16:31:48.242744854
15673,186.74571,241.83147,9187.617,239.25563,47.82069018711343,8.47501708531347,78,78,78,2021-09-08 16:32:39.959999493
15694,195.36884,226.78331,7743.6196,309.04666,47.750313884488946,8.441555898117967,78,78,78,2021-09-08 16:33:49.751030377
15727,190.71165,243.12953,5589.086,417.2169,47.65323877502993,8.34976300081253,78,78,78,2021-09-08 16:35:37.921257428
15745,145.79984,228.091,4449.9263,476.82504,47.5927119170911,8.381589631540738,78,78,78,2021-09-08 16:36:37.529411725
15799,137.19446,148.91168,1533.4838,654.8131,47.48405456542969,8.533424377441406,78,78,78,2021-09-08 16:39:35.517479352
15800,200.7638,314.96768,12774.082,0.00966379,48.1727569825311,8.55826147305104,79,79,79,2021-09-08 16:28:40.714032790
15828,191.03775,300.71518,11160.973,103.71344,48.03139460956998,8.49843267826677,79,79,79,2021-09-08 16:30:24.417808941
15854,197.59222,272.8375,11004.402,199.70218,47.906327235331226,8.488778836675461,79,79,79,2021-09-08 16:32:00.406547955
15876,209.9112,269.7738,9136.069,281.3373,47.8261330919299,8.402085028723201,79,79,79,2021-09-08 16:33:22.041679791
15896,202.47392,254.91211,7814.334,355.66162,47.74110367667318,8.367291497757998,79,79,79,2021-09-08 16:34:36.365990094
15922,185.71967,241.42435,5786.051,450.45392,47.64590448981956,8.288196644017711,79,79,79,2021-09-08 16:36:11.158287457
15931,134.34126,224.96613,5290.708,485.96887,47.613278832864175,8.313456640847466,79,79,79,2021-09-08 16:36:46.673241070
15950,124.862015,184.71478,4126.0654,558.5627,47.581774341275214,8.40009425654191,79,79,79,2021-09-08 16:37:59.267052105
15999,137.43723,150.48712,1383.0527,737.1985,47.48384094238281,8.533700942993164,79,79,79,2021-09-08 16:40:57.902855328
1600,168.78136,280.02203,14475.21,0.0015525222,48.15585524597912,8.494189738369183,8,8,8,2021-09-08 16:28:40.705921522
1634,177.35852,274.96353,12120.715,127.84117,47.99598738844141,8.529962116753007,8,8,8,2021-09-08 16:30:48.545540265
1654,197.43817,275.84256,11027.082,202.78642,47.90424019105827,8.503178385804436,8,8,8,2021-09-08 16:32:03.490791729
1673,213.82797,274.70316,9119.903,274.1735,47.81988589545883,8.454990316417707,8,8,8,2021-09-08 16:33:14.877861432
1711,224.22342,243.37166,6040.063,416.0044,47.70166970630502,8.282232393183177,8,8,8,2021-09-08 16:35:36.708763531
1718,181.1159,248.58066,5603.2603,443.18353,47.67364659544992,8.26667621558075,8,8,8,2021-09-08 16:36:03.887901715
1733,138.62129,240.71136,4746.0693,499.20828,47.616853215234364,8.305428838038473,8,8,8,2021-09-08 16:36:59.912651471
1758,130.11133,191.96712,3557.9834,592.63837,47.56593461292348,8.419062564512725,8,8,8,2021-09-08 16:38:33.342735699
1799,137.07848,143.27884,1321.077,747.81824,47.48346710205078,8.53426456451416,8,8,8,2021-09-08 16:41:08.522606305
16000,220.54662,329.53772,14733.419,-0.0006045103,48.03402006544574,8.591174943057226,80,80,80,2021-09-08 16:28:40.703764490
16020,207.85674,286.58087,12793.513,71.542244,47.96019230695847,8.489427981375368,80,80,80,2021-09-08 16:29:52.246612958
16060,201.249,223.79967,10165.7705,214.50208,47.804722516606255,8.435274796843268,80,80,80,2021-09-08 16:32:15.206444195
16105,185.26776,202.16277,5840.412,375.92874,47.669714802193276,8.315150710507952,80,80,80,2021-09-08 16:34:56.633110455
16130,146.94687,172.55235,4697.591,465.12592,47.598061210320004,8.359404087618318,80,80,80,2021-09-08 16:36:25.830284527
16199,137.1996,140.56747,1224.2666,710.0106,47.483699798583984,8.53391170501709,80,80,80,2021-09-08 16:40:30.714989117
16200,201.55615,296.85507,15072.221,0.0035870075,48.28711410962142,8.800749685302943,81,81,81,2021-09-08 16:28:40.707956008
16233,197.527,266.5986,12091.943,155.43999,48.09897628157522,8.691374296116829,81,81,81,2021-09-08 16:31:16.144356183
16271,206.75706,226.62935,9649.662,334.1956,47.90894389059003,8.631323041736414,81,81,81,2021-09-08 16:34:14.899956158
16304,228.76233,229.8722,7544.063,490.37738,47.808857299140136,8.435729152999361,81,81,81,2021-09-08 16:36:51.081749371
16326,193.08322,212.03807,6164.91,594.3413,47.72535953552262,8.34567234764844,81,81,81,2021-09-08 16:38:35.045677594
16341,172.31956,201.81894,5096.054,664.17755,47.658935944467515,8.34608030294024,81,81,81,2021-09-08 16:39:44.881920270
16353,153.45807,191.61542,4553.683,721.1298,47.61106268069066,8.372853273814808,81,81,81,2021-09-08 16:40:41.834190777
16399,137.42773,145.26546,1802.2234,936.80536,47.484073638916016,8.533418655395508,81,81,81,2021-09-08 16:44:17.509727887
16400,180.61487,367.30594,13490.131,-0.0009101629,48.14330407612089,8.528926596741464,82,82,82,2021-09-08 16:28:40.703458837
16418,175.14772,323.94394,12304.59,65.550476,48.03958715283856,8.52840540590479,82,82,82,2021-09-08 16:29:46.254845074
16440,167.89424,291.39297,10373.891,145.11726,47.932873431295896,8.57608179305696,82,82,82,2021-09-08 16:31:05.821632794
16456,194.24162,266.5193,9459.292,203.82373,47.85868697023382,8.578506378788079,82,82,82,2021-09-08 16:32:04.528099469
16477,219.38106,249.65068,8155.6343,280.599,47.796832792688114,8.487706507902857,82,82,82,2021-09-08 16:33:21.303368023
16495,220.95662,239.38654,6927.1753,346.0136,47.73361997672366,8.433037148205528,82,82,82,2021-09-08 16:34:26.717979840
16511,233.99567,220.06648,6204.8267,404.37076,47.702046879539296,8.356018260538713,82,82,82,2021-09-08 16:35:25.075127057
16517,181.78998,221.07649,5794.92,426.37747,47.682513443799394,8.34324696940355,82,82,82,2021-09-08 16:35:47.081840924
16538,150.30576,211.33925,4477.178,503.02512,47.609515732634385,8.376693712248732,82,82,82,2021-09-08 16:37:03.729484967
16599,137.08546,131.29109,1247.1846,726.8711,47.48402786254883,8.533489227294922,82,82,82,2021-09-08 16:40:47.575462750
16600,179.39075,296.95947,15430.842,0.006647587,48.053849327064974,8.413163896769221,83,83,83,2021-09-08 16:28:40.711016587
16667,186.94458,239.84763,10106.423,217.32777,47.78328013229757,8.464220195856782,83,83,83,2021-09-08 16:32:18.032143048
16699,215.93881,204.27512,8053.434,322.31607,47.716533997803886,8.351321744666603,83,83,83,2021-09-08 16:34:03.020439557
16722,173.19684,230.37897,5572.06,395.1601,47.6462613603019,8.329826381292746,83,83,83,2021-09-08 16:35:15.864464215
16742,139.74405,204.46243,4537.5566,461.1611,47.58889476535192,8.378496871516331,83,83,83,2021-09-08 16:36:21.865471295
16799,137.26515,150.66064,1594.1453,645.95294,47.4836540222168,8.53391170501709,83,83,83,2021-09-08 16:39:26.657310895
16800,220.47183,304.5955,13388.279,0.0060694516,48.10239369383912,8.727503245199102,84,84,84,2021-09-08 16:28:40.710438452
16814,203.67654,293.94104,11833.017,55.14922,48.040272344706906,8.664293786050498,84,84,84,2021-09-08 16:29:35.853588513
16850,214.34749,240.70221,10027.058,197.36778,47.878610348244244,8.582449077308937,84,84,84,2021-09-08 16:31:58.072151593
16875,229.36363,235.20613,8649.073,295.79544,47.79891227466647,8.477201825151925,84,84,84,2021-09-08 16:33:36.499809674
16899,225.19574,233.56401,6262.878,390.54712,47.74542837659603,8.350774567029886,84,84,84,2021-09-08 16:35:11.251488141
16912,191.70345,228.20293,5289.5186,441.26074,47.69867496526631,8.313709013339324,84,84,84,2021-09-08 16:36:01.965111188
16938,146.3343,201.41373,4241.5977,543.8342,47.60316601907182,8.352159955148146,84,84,84,2021-09-08 16:37:44.538597516
16999,137.13814,134.42177,1447.4011,783.83563,47.483734130859375,8.533905029296875,84,84,84,2021-09-08 16:41:44.540001324
17000,199.26633,415.96252,14855.052,0.005802393,48.152858656965094,8.577898931726923,85,85,85,2021-09-08 16:28:40.710171393
17050,201.25288,297.6315,10214.966,180.00104,47.856241940964075,8.490426940234176,85,85,85,2021-09-08 16:31:40.705406598
17097,216.87975,205.05515,6714.988,347.78775,47.70700682416164,8.31824132529225,85,85,85,2021-09-08 16:34:28.492119244
17109,185.92407,202.15645,5695.0244,390.79648,47.670805029515456,8.296895949917463,85,85,85,2021-09-08 16:35:11.500847271
17125,142.25894,215.6746,4348.1504,447.3704,47.61839293421978,8.311877091137452,85,85,85,2021-09-08 16:36:08.074760846
17153,131.25919,167.37099,3680.995,548.8646,47.567483733939454,8.419013335707675,85,85,85,2021-09-08 16:37:49.568993023
17199,137.31416,142.95274,1362.267,714.63776,47.483917236328125,8.53363037109375,85,85,85,2021-09-08 16:40:35.342125348
17200,199.5437,284.2062,14102.648,-0.003352046,48.120947967032805,8.604501580309062,86,86,86,2021-09-08 16:28:40.701016954
17222,201.06003,297.232,12655.557,77.47721,48.03087250744929,8.534307353738267,86,86,86,2021-09-08 16:29:58.181579999
17265,198.37819,268.67255,11187.978,228.4784,47.84220835747026,8.447570814415018,86,86,86,2021-09-08 16:32:29.182762555
17283,198.36125,257.19702,9517.419,292.50494,47.765884804337745,8.446802468633871,86,86,86,2021-09-08 16:33:33.209312848
17302,224.419,254.62363,7407.3994,359.81323,47.717086654546605,8.357141701547775,86,86,86,2021-09-08 16:34:40.517601422
17310,185.52913,255.93323,6538.995,387.231,47.68814960079017,8.339295782777912,86,86,86,2021-09-08 16:35:07.935356549
17332,150.22636,229.79802,4772.7817,465.08652,47.602441902564834,8.366415631084726,86,86,86,2021-09-08 16:36:25.790886334
17399,137.15744,130.23808,1551.2108,700.67316,47.48384094238281,8.533700942993164,86,86,86,2021-09-08 16:40:21.377525738
17400,176.73575,262.98416,16793.45,0.015587628,48.146018348407786,8.388436592887233,87,87,87,2021-09-08 16:28:40.719956628
17430,163.40579,262.40604,13122.043,142.41508,47.97679319331766,8.436926058696942,87,87,87,2021-09-08 16:31:03.119453839
17448,156.51999,251.21297,12507.082,224.35419,47.89167342082132,8.504525611129221,87,87,87,2021-09-08 16:32:25.058556012
17479,184.7854,232.14644,8928.501,368.01514,47.74043637060656,8.5785816780538,87,87,87,2021-09-08 16:34:48.719505719
17485,222.5824,224.9264,8135.613,396.68542,47.71346642380141,8.561615303197982,87,87,87,2021-09-08 16:35:17.389793805
17490,260.7324,221.03511,7479.3384,425.00165,47.7028208246084,8.52302530808373,87,87,87,2021-09-08 16:35:45.706016949
17506,291.59958,200.89482,6665.408,495.59158,47.73659850908947,8.436571784283792,87,87,87,2021-09-08 16:36:56.295952252
17512,245.65045,191.13304,6469.464,523.35406,47.73486653703655,8.400935001339379,87,87,87,2021-09-08 16:37:24.058433941
17540,181.79823,168.62555,4541.262,657.598,47.64732849766843,8.314102905368113,87,87,87,2021-09-08 16:39:38.302391461
17599,137.52133,162.01338,1671.8632,928.8029,47.48388671875,8.53363037109375,87,87,87,2021-09-08 16:44:09.507286480
17600,208.4449,265.79932,13607.0205,0.008272886,48.153354438366,8.521399381076549,88,88,88,2021-09-08 16:28:40.712641886
17614,182.90585,258.64474,13450.255,56.27056,48.09207523789185,8.485038550439175,88,88,88,2021-09-08 16:29:36.974930218
17670,197.48788,239.93161,10061.0,282.63718,47.82557409417565,8.518244672365862,88,88,88,2021-09-08 16:33:23.341545514
17677,239.465,241.00665,9440.334,309.9793,47.80427519349618,8.48788143807232,88,88,88,2021-09-08 16:33:50.683678082
17701,227.64583,256.64438,7283.5454,406.2067,47.76315674681245,8.336289315658172,88,88,88,2021-09-08 16:35:26.911064557
17709,201.98178,248.4282,6657.51,438.28522,47.73250887658475,8.306078101238624,88,88,88,2021-09-08 16:35:58.989586285
17719,180.30472,234.16873,5932.3135,479.2897,47.687840058495155,8.297280991619253,88,88,88,2021-09-08 16:36:39.994072369
17731,144.75589,215.81993,5140.381,527.28424,47.64134753300077,8.317320455470659,88,88,88,2021-09-08 16:37:27.988609723
17799,137.21272,144.64182,1865.3693,799.79913,47.48346710205078,8.534193992614746,88,88,88,2021-09-08 16:42:00.503502301
17800,213.58426,301.8119,13811.149,0.002933234,48.12854473964524,8.587096397011141,89,89,89,2021-09-08 16:28:40.707302234
17813,209.9522,284.84622,12829.201,53.579163,48.071925570088524,8.521983295369369,89,89,89,2021-09-08 16:29:34.283531598
17823,183.59425,278.78915,12075.149,95.01359,48.02060101096915,8.502375859019075,89,89,89,2021-09-08 16:30:15.717956952
17886,199.65117,206.17705,8591.415,355.3582,47.74637624972078,8.563774271124377,89,89,89,2021-09-08 16:34:36.062553814
17893,244.80054,206.47472,8291.318,383.5015,47.72837934362431,8.536195007150456,89,89,89,2021-09-08 16:35:04.205864361
17923,241.29088,214.69476,5777.3384,508.05457,47.69269552888825,8.366535441321034,89,89,89,2021-09-08 16:37:08.758934430
17933,183.70917,217.10802,4993.991,549.0126,47.65883785397501,8.337826873559845,89,89,89,2021-09-08 16:37:49.716942242
17948,143.16104,205.72049,4366.078,610.8999,47.604648498020815,8.371748820473917,89,89,89,2021-09-08 16:38:51.604271344
17999,137.30089,141.09653,1369.4395,820.7656,47.48350524902344,8.534111022949219,89,89,89,2021-09-08 16:42:21.469994000
1800,198.46596,326.51892,15513.765,0.011659086,48.21198875027372,8.567809538159306,9,9,9,2021-09-08 16:28:40.716028086
1831,184.21378,315.92657,13233.466,114.05202,48.049675268752665,8.522779926949289,9,9,9,2021-09-08 16:30:34.756386212
1851,173.4666,319.74057,11108.882,186.56065,47.94643940825611,8.56562860692156,9,9,9,2021-09-08 16:31:47.265022687
1868,191.92911,287.08688,9837.114,249.63573,47.86078199835041,8.5438066281957,9,9,9,2021-09-08 16:32:50.340095929
1882,202.51851,251.48354,9113.232,299.5529,47.80913527185407,8.497510000621075,9,9,9,2021-09-08 16:33:40.257255963
1896,208.66208,236.99625,8218.385,353.10294,47.75209504038043,8.479147595630378,9,9,9,2021-09-08 16:34:33.807304791
1923,216.19989,202.55052,6574.1885,452.23642,47.67410374232321,8.381211824670435,9,9,9,2021-09-08 16:36:12.940788678
1933,182.61002,199.68315,5352.1997,487.55496,47.64384178706699,8.366862060523898,9,9,9,2021-09-08 16:36:48.259331158
1958,145.69685,188.11946,3355.3972,579.72485,47.56765779863937,8.421059930983184,9,9,9,2021-09-08 16:38:20.429222516
1999,137.4758,148.31194,1418.3569,729.69995,47.483642578125,8.534042358398438,9,9,9,2021-09-08 16:40:50.404320172
18000,185.28705,279.44745,14958.454,-0.0015419722,48.21954964217244,8.53449686469166,90,90,90,2021-09-08 16:28:40.702827028
18057,191.65314,273.19238,11193.825,229.92488,47.91621239360165,8.568641595996484,90,90,90,2021-09-08 16:32:30.629249981
18077,214.66888,245.0311,9532.565,310.94107,47.82871786064551,8.50901769231128,90,90,90,2021-09-08 16:33:51.645439557
18110,212.5703,200.05617,7488.094,444.179,47.7343313499289,8.379187890611007,90,90,90,2021-09-08 16:36:04.883354596
18132,182.4386,203.47833,5638.656,531.92114,47.65374564351649,8.342778803170207,90,90,90,2021-09-08 16:37:32.625511578
18149,145.52487,183.66565,5036.411,600.4902,47.59852987309814,8.373765242450009,90,90,90,2021-09-08 16:38:41.194542340
18199,137.16112,146.76573,1470.064,803.0778,47.4841194152832,8.53334903717041,90,90,90,2021-09-08 16:42:03.782188824
18200,236.0813,299.505,14434.22,0.005612761,48.13704942011509,8.905708013741878,91,91,91,2021-09-08 16:28:40.709981761
18230,213.81735,268.2547,11930.414,132.83278,48.01918465962769,8.721852915840019,91,91,91,2021-09-08 16:30:53.537147931
18255,202.5109,256.62695,10395.118,242.27942,47.89324929901654,8.658269057678435,91,91,91,2021-09-08 16:32:42.983787945
18271,219.8305,228.63615,9502.413,312.45862,47.82763952301097,8.59739273439386,91,91,91,2021-09-08 16:33:53.162987164
18291,230.43929,205.10614,8003.255,399.84003,47.76528209452186,8.51015604233242,91,91,91,2021-09-08 16:35:20.544395855
18323,204.43314,187.7692,5835.051,542.7178,47.69325524882634,8.349795735298867,91,91,91,2021-09-08 16:37:43.422142438
18345,150.35934,182.16081,4186.247,638.878,47.6145166698309,8.357469960206197,91,91,91,2021-09-08 16:39:19.582359723
18399,137.3577,143.76637,1317.1505,876.1282,47.48341369628906,8.534248352050781,91,91,91,2021-09-08 16:43:16.832542827
18400,192.8266,299.00772,12086.772,-0.0042330027,48.17198801940014,8.651748067499723,92,92,92,2021-09-08 16:28:40.700135997
18466,201.62712,218.32784,8369.974,312.56052,47.816271257745996,8.669560659020055,92,92,92,2021-09-08 16:33:53.264885357
18490,236.18588,195.25587,7417.176,426.70932,47.72992377905228,8.575150920222534,92,92,92,2021-09-08 16:35:47.413689068
18498,272.41122,196.95386,6988.6987,465.24878,47.722629913200116,8.525962382378543,92,92,92,2021-09-08 16:36:25.953148297
18519,254.57869,208.93356,5675.329,565.0833,47.73813958498201,8.393446070103096,92,92,92,2021-09-08 16:38:05.787681988
18526,212.31738,215.63608,5419.7188,597.94684,47.7179113172643,8.357804156876323,92,92,92,2021-09-08 16:38:38.651207379
18535,187.30379,214.43576,5344.8423,640.87976,47.67722021157111,8.341024660646823,92,92,92,2021-09-08 16:39:21.584129742
18550,146.25363,212.1447,4900.8584,711.2619,47.612430458019915,8.362695966077535,92,92,92,2021-09-08 16:40:31.966270855
18599,137.16379,129.21432,1716.1638,946.24146,47.48350524902344,8.534111022949219,92,92,92,2021-09-08 16:44:26.945824078
18600,182.5698,316.63934,13301.077,0.0010086596,48.086864145112116,8.534902487812273,93,93,93,2021-09-08 16:28:40.705377660
18621,181.10944,292.05182,11606.697,69.359955,47.990304261953206,8.545603890558564,93,93,93,2021-09-08 16:29:50.064323834
18635,195.95093,280.47586,10397.979,115.73083,47.93091524553224,8.529474074907485,93,93,93,2021-09-08 16:30:36.435196332
18678,205.50479,269.25366,8715.487,258.1225,47.785321830282776,8.388882450409293,93,93,93,2021-09-08 16:32:58.826866559
18717,180.84624,206.19894,5961.4106,387.36398,47.64667431137081,8.335294475290016,93,93,93,2021-09-08 16:35:08.068352154
18739,143.14514,200.10664,4724.2905,459.9281,47.58620921086241,8.376619078851961,93,93,93,2021-09-08 16:36:20.632469586
18799,137.07669,134.37082,1645.9266,658.5192,47.48350524902344,8.534111022949219,93,93,93,2021-09-08 16:39:39.223595074
18800,190.1826,291.22498,15253.552,-0.001674056,48.08898561562773,8.621972984973397,94,94,94,2021-09-08 16:28:40.702694944
18828,175.40327,279.05707,13188.613,126.75743,47.921795041236955,8.624586686094245,94,94,94,2021-09-08 16:30:47.461800030
18857,169.48122,226.85033,10685.387,258.07434,47.77729455066496,8.682985665165601,94,94,94,2021-09-08 16:32:58.778709820
18871,199.59065,222.9732,8965.796,321.4257,47.71259588829088,8.680709824219711,94,94,94,2021-09-08 16:34:02.130058697
18888,256.7851,211.33379,7754.5347,398.0348,47.66595466711211,8.595705193779473,94,94,94,2021-09-08 16:35:18.739159039
18917,270.58945,190.26514,6169.331,530.1431,47.69911207204663,8.423668916539798,94,94,94,2021-09-08 16:37:30.847496441
18929,241.09586,185.99031,5619.647,583.7337,47.68613464495647,8.359084208522864,94,94,94,2021-09-08 16:38:24.438072613
18938,190.16191,196.96014,5146.0215,624.1474,47.65936204202527,8.328323482777318,94,94,94,2021-09-08 16:39:04.851768902
18949,143.00981,216.1058,4636.32,674.4798,47.61549142790518,8.35324398924732,94,94,94,2021-09-08 16:39:55.184166363
18999,137.1494,138.0308,1430.581,899.9658,47.48350524902344,8.5341796875,94,94,94,2021-09-08 16:43:40.670189312
19000,191.78304,350.84586,14972.479,-0.004425049,48.2512464838868,8.612072955149145,95,95,95,2021-09-08 16:28:40.699943951
19068,196.79785,276.51135,10101.972,264.4491,47.87634156870665,8.535179018589847,95,95,95,2021-09-08 16:33:05.153465680
19107,216.44606,240.45226,6573.065,415.98056,47.746160247221056,8.382892555045718,95,95,95,2021-09-08 16:35:36.684929303
19115,184.63171,254.56635,5555.7476,447.76205,47.71221248436125,8.365996780731454,95,95,95,2021-09-08 16:36:08.466423443
19145,154.81018,191.91994,3812.8982,563.57697,47.59270051216497,8.392145080164147,95,95,95,2021-09-08 16:38:04.281334332
19199,137.26315,134.91312,1176.6288,774.6045,47.48360824584961,8.534052848815918,95,95,95,2021-09-08 16:41:35.308861188
19200,204.79314,343.5768,12251.553,0.0050676465,48.083809251966734,8.65191785561507,96,96,96,2021-09-08 16:28:40.709436647
19245,206.94308,271.33893,9266.02,149.02145,47.89230013511167,8.537212741825218,96,96,96,2021-09-08 16:31:09.725822857
19317,193.27745,233.4072,6027.4917,387.54138,47.6674685626885,8.33636324837065,96,96,96,2021-09-08 16:35:08.245750836
19336,145.62383,216.41739,4896.0073,450.768,47.60553877658945,8.365572405989846,96,96,96,2021-09-08 16:36:11.472374371
19399,137.07373,148.80934,1637.2734,659.48694,47.48377990722656,8.533767700195312,96,96,96,2021-09-08 16:39:40.191307477
19400,223.07878,298.68954,13617.081,-0.0010585189,48.11154068970808,8.780747173317335,97,97,97,2021-09-08 16:28:40.703310481
19422,203.443,271.16785,11872.569,88.32867,48.018744760133025,8.681527459227402,97,97,97,2021-09-08 16:30:09.033035687
19450,199.92303,245.4443,11034.493,201.39632,47.889099227264516,8.632553658068488,97,97,97,2021-09-08 16:32:02.100685528
19479,198.3693,215.16742,9179.2,317.6107,47.78277158721869,8.549015083816101,97,97,97,2021-09-08 16:33:58.315056256
19498,208.30733,198.52153,7459.568,394.57352,47.71220767908405,8.534906740074302,97,97,97,2021-09-08 16:35:15.277885846
19508,240.91035,204.01555,6619.548,434.84607,47.687501999349855,8.494970856578297,97,97,97,2021-09-08 16:35:55.550438336
19525,239.60068,213.30228,5080.2725,501.78696,47.667888849661,8.404803875262704,97,97,97,2021-09-08 16:37:02.491325787
19536,199.49228,197.03769,4594.741,547.22864,47.635745504398905,8.364363077009248,97,97,97,2021-09-08 16:37:47.933006695
19547,144.05693,184.8167,4312.021,591.537,47.60006380724411,8.378295999726754,97,97,97,2021-09-08 16:38:32.241356305
19599,137.20337,145.65103,1305.5275,800.2443,47.483642578125,8.534042358398438,97,97,97,2021-09-08 16:42:00.948692730
19600,206.29324,350.0306,13277.207,0.0055275857,48.11981049971711,8.681810122214252,98,98,98,2021-09-08 16:28:40.709896586
19627,198.22186,331.66602,10553.435,100.86299,47.98013275982509,8.569104276975471,98,98,98,2021-09-08 16:30:21.567360333
19663,193.7846,275.1336,8255.484,235.50156,47.805020895058654,8.499814651087467,98,98,98,2021-09-08 16:32:36.205925396
19677,201.05228,258.6499,6913.337,288.7268,47.739868327016055,8.49657190237883,98,98,98,2021-09-08 16:33:29.431175641
19700,227.19386,218.76314,5819.5815,375.63382,47.69058589673026,8.38176952483127,98,98,98,2021-09-08 16:34:56.338188580
19719,189.50017,194.3821,5047.2314,445.30188,47.634675225854906,8.331397115733653,98,98,98,2021-09-08 16:36:06.006248883
19733,140.42029,157.02461,4656.999,498.033,47.595645601538386,8.347813538113684,98,98,98,2021-09-08 16:36:58.737358501
19758,130.51646,142.50726,3549.776,591.56757,47.561693068927674,8.425300750006809,98,98,98,2021-09-08 16:38:32.271934918
19799,137.13422,151.32881,1346.9192,744.78876,47.48387145996094,8.53363037109375,98,98,98,2021-09-08 16:41:05.493126324
19800,206.78696,280.45526,13362.823,0.0010416806,48.14341828743561,8.720108420513508,99,99,99,2021-09-08 16:28:40.705410681
19863,207.60211,252.28786,9335.896,244.42892,47.88480922363872,8.521209010665943,99,99,99,2021-09-08 16:32:45.133293561
19878,197.53621,242.79317,8462.772,303.6212,47.817810164894986,8.514797159160814,99,99,99,2021-09-08 16:33:44.325554303
19933,193.9044,187.65932,4868.0913,516.54736,47.639155332585915,8.376049498283901,99,99,99,2021-09-08 16:37:17.251732281
19950,145.8472,184.03581,3952.526,583.4872,47.5854819367702,8.397932928953892,99,99,99,2021-09-08 16:38:24.191551617
19999,137.04477,140.5645,1527.374,772.2903,47.48360824584961,8.533982276916504,99,99,99,2021-09-08 16:41:32.994652203
